case,case_order,round,order,mode,warmup,span_id,span,ticks,thread_cycles,count,frequency,positive_colliders,negative_colliders,build_positive_first,activate_positive_first,published,validated,cleaned
box,0,-1,0,0,1,0,buildtotal,1207,254942,1,10000000,1,1,1,0,1,1,1
box,0,-1,0,0,1,1,objects+,645,136427,1,10000000,1,1,1,0,1,1,1
box,0,-1,0,0,1,2,objects-,143,30491,1,10000000,1,1,1,0,1,1,1
box,0,-1,0,0,1,3,colliders+,62,13430,1,10000000,1,1,1,0,1,1,1
box,0,-1,0,0,1,4,colliders-,19,4394,1,10000000,1,1,1,0,1,1,1
box,0,-1,0,0,1,5,publishtotal,980,206484,1,10000000,1,1,1,0,1,1,1
box,0,-1,0,0,1,6,SetActive+,250,53281,1,10000000,1,1,1,0,1,1,1
box,0,-1,0,0,1,7,SetActive-,402,85521,1,10000000,1,1,1,0,1,1,1
box,0,-1,0,0,1,8,BuildSide+,728,153256,1,10000000,1,1,1,0,1,1,1
box,0,-1,0,0,1,9,BuildSide-,172,36062,1,10000000,1,1,1,0,1,1,1
box,0,-1,0,0,1,10,newRoot+,350,74350,1,10000000,1,1,1,0,1,1,1
box,0,-1,0,0,1,11,newRoot-,41,9065,1,10000000,1,1,1,0,1,1,1
box,0,-1,1,1,1,0,buildtotal,1342,284545,1,10000000,1,1,0,0,1,1,1
box,0,-1,1,1,1,1,objects+,113,24129,1,10000000,1,1,0,0,1,1,1
box,0,-1,1,1,1,2,objects-,703,148486,1,10000000,1,1,0,0,1,1,1
box,0,-1,1,1,1,3,colliders+,16,3774,1,10000000,1,1,0,0,1,1,1
box,0,-1,1,1,1,4,colliders-,92,19816,1,10000000,1,1,0,0,1,1,1
box,0,-1,1,1,1,5,publishtotal,1086,228898,1,10000000,1,1,0,0,1,1,1
box,0,-1,1,1,1,6,SetActive+,229,48711,1,10000000,1,1,0,0,1,1,1
box,0,-1,1,1,1,7,SetActive-,433,91925,1,10000000,1,1,0,0,1,1,1
box,0,-1,1,1,1,8,BuildSide+,139,29013,1,10000000,1,1,0,0,1,1,1
box,0,-1,1,1,1,9,BuildSide-,823,173300,1,10000000,1,1,0,0,1,1,1
box,0,-1,1,1,1,10,newRoot+,35,7576,1,10000000,1,1,0,0,1,1,1
box,0,-1,1,1,1,11,newRoot-,358,76104,1,10000000,1,1,0,0,1,1,1
box,0,-1,2,3,1,0,buildtotal,751,159548,1,10000000,1,1,0,1,1,1,1
box,0,-1,2,3,1,1,objects+,113,24258,1,10000000,1,1,0,1,1,1,1
box,0,-1,2,3,1,2,objects-,321,67948,1,10000000,1,1,0,1,1,1,1
box,0,-1,2,3,1,3,colliders+,15,3565,1,10000000,1,1,0,1,1,1,1
box,0,-1,2,3,1,4,colliders-,35,7770,1,10000000,1,1,0,1,1,1,1
box,0,-1,2,3,1,5,publishtotal,707,149151,1,10000000,1,1,0,1,1,1,1
box,0,-1,2,3,1,6,SetActive+,375,79742,1,10000000,1,1,0,1,1,1,1
box,0,-1,2,3,1,7,SetActive-,48,10613,1,10000000,1,1,0,1,1,1,1
box,0,-1,2,3,1,8,BuildSide+,138,28984,1,10000000,1,1,0,1,1,1,1
box,0,-1,2,3,1,9,BuildSide-,374,78602,1,10000000,1,1,0,1,1,1,1
box,0,-1,2,3,1,10,newRoot+,33,7181,1,10000000,1,1,0,1,1,1,1
box,0,-1,2,3,1,11,newRoot-,104,22407,1,10000000,1,1,0,1,1,1,1
box,0,-1,3,2,1,0,buildtotal,540,114309,1,10000000,1,1,1,1,1,1,1
box,0,-1,3,2,1,1,objects+,216,45929,1,10000000,1,1,1,1,1,1,1
box,0,-1,3,2,1,2,objects-,97,20590,1,10000000,1,1,1,1,1,1,1
box,0,-1,3,2,1,3,colliders+,30,6755,1,10000000,1,1,1,1,1,1,1
box,0,-1,3,2,1,4,colliders-,13,3159,1,10000000,1,1,1,1,1,1,1
box,0,-1,3,2,1,5,publishtotal,481,101380,1,10000000,1,1,1,1,1,1,1
box,0,-1,3,2,1,6,SetActive+,256,54784,1,10000000,1,1,1,1,1,1,1
box,0,-1,3,2,1,7,SetActive-,42,9075,1,10000000,1,1,1,1,1,1,1
box,0,-1,3,2,1,8,BuildSide+,261,54863,1,10000000,1,1,1,1,1,1,1
box,0,-1,3,2,1,9,BuildSide-,119,24928,1,10000000,1,1,1,1,1,1,1
box,0,-1,3,2,1,10,newRoot+,80,17140,1,10000000,1,1,1,1,1,1,1
box,0,-1,3,2,1,11,newRoot-,30,6807,1,10000000,1,1,1,1,1,1,1
box,0,0,0,0,0,0,buildtotal,1155,243948,1,10000000,1,1,1,0,1,1,1
box,0,0,0,0,0,1,objects+,605,127753,1,10000000,1,1,1,0,1,1,1
box,0,0,0,0,0,2,objects-,119,25392,1,10000000,1,1,1,0,1,1,1
box,0,0,0,0,0,3,colliders+,68,14919,1,10000000,1,1,1,0,1,1,1
box,0,0,0,0,0,4,colliders-,14,3267,1,10000000,1,1,1,0,1,1,1
box,0,0,0,0,0,5,publishtotal,857,180557,1,10000000,1,1,1,0,1,1,1
box,0,0,0,0,0,6,SetActive+,180,38372,1,10000000,1,1,1,0,1,1,1
box,0,0,0,0,0,7,SetActive-,365,77589,1,10000000,1,1,1,0,1,1,1
box,0,0,0,0,0,8,BuildSide+,692,145666,1,10000000,1,1,1,0,1,1,1
box,0,0,0,0,0,9,BuildSide-,142,29744,1,10000000,1,1,1,0,1,1,1
box,0,0,0,0,0,10,newRoot+,333,70836,1,10000000,1,1,1,0,1,1,1
box,0,0,0,0,0,11,newRoot-,47,10346,1,10000000,1,1,1,0,1,1,1
box,0,0,1,1,0,0,buildtotal,569,120277,1,10000000,1,1,0,0,1,1,1
box,0,0,1,1,0,1,objects+,83,17814,1,10000000,1,1,0,0,1,1,1
box,0,0,1,1,0,2,objects-,236,50263,1,10000000,1,1,0,0,1,1,1
box,0,0,1,1,0,3,colliders+,12,2917,1,10000000,1,1,0,0,1,1,1
box,0,0,1,1,0,4,colliders-,30,6690,1,10000000,1,1,0,0,1,1,1
box,0,0,1,1,0,5,publishtotal,454,95846,1,10000000,1,1,0,0,1,1,1
box,0,0,1,1,0,6,SetActive+,150,32234,1,10000000,1,1,0,0,1,1,1
box,0,0,1,1,0,7,SetActive-,133,28769,1,10000000,1,1,0,0,1,1,1
box,0,0,1,1,0,8,BuildSide+,103,21824,1,10000000,1,1,0,0,1,1,1
box,0,0,1,1,0,9,BuildSide-,284,59909,1,10000000,1,1,0,0,1,1,1
box,0,0,1,1,0,10,newRoot+,26,5791,1,10000000,1,1,0,0,1,1,1
box,0,0,1,1,0,11,newRoot-,70,15357,1,10000000,1,1,0,0,1,1,1
box,0,0,2,3,0,0,buildtotal,1220,141287,1,10000000,1,1,0,1,1,1,1
box,0,0,2,3,0,1,objects+,96,20422,1,10000000,1,1,0,1,1,1,1
box,0,0,2,3,0,2,objects-,860,65116,1,10000000,1,1,0,1,1,1,1
box,0,0,2,3,0,3,colliders+,12,2905,1,10000000,1,1,0,1,1,1,1
box,0,0,2,3,0,4,colliders-,33,7301,1,10000000,1,1,0,1,1,1,1
box,0,0,2,3,0,5,publishtotal,499,105427,1,10000000,1,1,0,1,1,1,1
box,0,0,2,3,0,6,SetActive+,264,56195,1,10000000,1,1,0,1,1,1,1
box,0,0,2,3,0,7,SetActive-,43,9378,1,10000000,1,1,0,1,1,1,1
box,0,0,2,3,0,8,BuildSide+,116,24365,1,10000000,1,1,0,1,1,1,1
box,0,0,2,3,0,9,BuildSide-,907,74723,1,10000000,1,1,0,1,1,1,1
box,0,0,2,3,0,10,newRoot+,29,6417,1,10000000,1,1,0,1,1,1,1
box,0,0,2,3,0,11,newRoot-,670,25386,1,10000000,1,1,0,1,1,1,1
box,0,0,3,2,0,0,buildtotal,710,121255,1,10000000,1,1,1,1,1,1,1
box,0,0,3,2,0,1,objects+,215,45749,1,10000000,1,1,1,1,1,1,1
box,0,0,3,2,0,2,objects-,86,18460,1,10000000,1,1,1,1,1,1,1
box,0,0,3,2,0,3,colliders+,24,5402,1,10000000,1,1,1,1,1,1,1
box,0,0,3,2,0,4,colliders-,12,2767,1,10000000,1,1,1,1,1,1,1
box,0,0,3,2,0,5,publishtotal,447,94085,1,10000000,1,1,1,1,1,1,1
box,0,0,3,2,0,6,SetActive+,236,50349,1,10000000,1,1,1,1,1,1,1
box,0,0,3,2,0,7,SetActive-,36,7906,1,10000000,1,1,1,1,1,1,1
box,0,0,3,2,0,8,BuildSide+,253,53251,1,10000000,1,1,1,1,1,1,1
box,0,0,3,2,0,9,BuildSide-,106,22271,1,10000000,1,1,1,1,1,1,1
box,0,0,3,2,0,10,newRoot+,70,15056,1,10000000,1,1,1,1,1,1,1
box,0,0,3,2,0,11,newRoot-,27,5993,1,10000000,1,1,1,1,1,1,1
box,0,1,0,1,0,0,buildtotal,562,120046,1,10000000,1,1,0,0,1,1,1
box,0,1,0,1,0,1,objects+,90,19211,1,10000000,1,1,0,0,1,1,1
box,0,1,0,1,0,2,objects-,211,44808,1,10000000,1,1,0,0,1,1,1
box,0,1,0,1,0,3,colliders+,12,2705,1,10000000,1,1,0,0,1,1,1
box,0,1,0,1,0,4,colliders-,23,5337,1,10000000,1,1,0,0,1,1,1
box,0,1,0,1,0,5,publishtotal,654,105694,1,10000000,1,1,0,0,1,1,1
box,0,1,0,1,0,6,SetActive+,358,44105,1,10000000,1,1,0,0,1,1,1
box,0,1,0,1,0,7,SetActive-,119,25678,1,10000000,1,1,0,0,1,1,1
box,0,1,0,1,0,8,BuildSide+,109,22943,1,10000000,1,1,0,0,1,1,1
box,0,1,0,1,0,9,BuildSide-,249,52221,1,10000000,1,1,0,0,1,1,1
box,0,1,0,1,0,10,newRoot+,26,5744,1,10000000,1,1,0,0,1,1,1
box,0,1,0,1,0,11,newRoot-,62,13455,1,10000000,1,1,0,0,1,1,1
box,0,1,1,2,0,0,buildtotal,544,115551,1,10000000,1,1,1,1,1,1,1
box,0,1,1,2,0,1,objects+,222,47145,1,10000000,1,1,1,1,1,1,1
box,0,1,1,2,0,2,objects-,90,19209,1,10000000,1,1,1,1,1,1,1
box,0,1,1,2,0,3,colliders+,24,5260,1,10000000,1,1,1,1,1,1,1
box,0,1,1,2,0,4,colliders-,11,2648,1,10000000,1,1,1,1,1,1,1
box,0,1,1,2,0,5,publishtotal,424,89492,1,10000000,1,1,1,1,1,1,1
box,0,1,1,2,0,6,SetActive+,222,47182,1,10000000,1,1,1,1,1,1,1
box,0,1,1,2,0,7,SetActive-,42,9224,1,10000000,1,1,1,1,1,1,1
box,0,1,1,2,0,8,BuildSide+,259,54590,1,10000000,1,1,1,1,1,1,1
box,0,1,1,2,0,9,BuildSide-,109,22886,1,10000000,1,1,1,1,1,1,1
box,0,1,1,2,0,10,newRoot+,67,14587,1,10000000,1,1,1,1,1,1,1
box,0,1,1,2,0,11,newRoot-,25,5661,1,10000000,1,1,1,1,1,1,1
box,0,1,2,0,0,0,buildtotal,590,126424,1,10000000,1,1,1,0,1,1,1
box,0,1,2,0,0,1,objects+,227,48123,1,10000000,1,1,1,0,1,1,1
box,0,1,2,0,0,2,objects-,97,20847,1,10000000,1,1,1,0,1,1,1
box,0,1,2,0,0,3,colliders+,39,8706,1,10000000,1,1,1,0,1,1,1
box,0,1,2,0,0,4,colliders-,12,2705,1,10000000,1,1,1,0,1,1,1
box,0,1,2,0,0,5,publishtotal,438,92422,1,10000000,1,1,1,0,1,1,1
box,0,1,2,0,0,6,SetActive+,146,31183,1,10000000,1,1,1,0,1,1,1
box,0,1,2,0,0,7,SetActive-,133,28545,1,10000000,1,1,1,0,1,1,1
box,0,1,2,0,0,8,BuildSide+,283,59469,1,10000000,1,1,1,0,1,1,1
box,0,1,2,0,0,9,BuildSide-,117,24611,1,10000000,1,1,1,0,1,1,1
box,0,1,2,0,0,10,newRoot+,78,16796,1,10000000,1,1,1,0,1,1,1
box,0,1,2,0,0,11,newRoot-,31,6865,1,10000000,1,1,1,0,1,1,1
box,0,1,3,3,0,0,buildtotal,626,131936,1,10000000,1,1,0,1,1,1,1
box,0,1,3,3,0,1,objects+,89,18951,1,10000000,1,1,0,1,1,1,1
box,0,1,3,3,0,2,objects-,264,55958,1,10000000,1,1,0,1,1,1,1
box,0,1,3,3,0,3,colliders+,11,2646,1,10000000,1,1,0,1,1,1,1
box,0,1,3,3,0,4,colliders-,36,7984,1,10000000,1,1,0,1,1,1,1
box,0,1,3,3,0,5,publishtotal,555,117372,1,10000000,1,1,0,1,1,1,1
box,0,1,3,3,0,6,SetActive+,281,59685,1,10000000,1,1,0,1,1,1,1
box,0,1,3,3,0,7,SetActive-,42,9216,1,10000000,1,1,0,1,1,1,1
box,0,1,3,3,0,8,BuildSide+,107,22580,1,10000000,1,1,0,1,1,1,1
box,0,1,3,3,0,9,BuildSide-,316,66429,1,10000000,1,1,0,1,1,1,1
box,0,1,3,3,0,10,newRoot+,25,5594,1,10000000,1,1,0,1,1,1,1
box,0,1,3,3,0,11,newRoot-,94,20283,1,10000000,1,1,0,1,1,1,1
box,0,2,0,2,0,0,buildtotal,539,114281,1,10000000,1,1,1,1,1,1,1
box,0,2,0,2,0,1,objects+,208,44024,1,10000000,1,1,1,1,1,1,1
box,0,2,0,2,0,2,objects-,89,19050,1,10000000,1,1,1,1,1,1,1
box,0,2,0,2,0,3,colliders+,23,5272,1,10000000,1,1,1,1,1,1,1
box,0,2,0,2,0,4,colliders-,13,2972,1,10000000,1,1,1,1,1,1,1
box,0,2,0,2,0,5,publishtotal,447,94273,1,10000000,1,1,1,1,1,1,1
box,0,2,0,2,0,6,SetActive+,241,51370,1,10000000,1,1,1,1,1,1,1
box,0,2,0,2,0,7,SetActive-,38,8487,1,10000000,1,1,1,1,1,1,1
box,0,2,0,2,0,8,BuildSide+,244,51462,1,10000000,1,1,1,1,1,1,1
box,0,2,0,2,0,9,BuildSide-,110,23020,1,10000000,1,1,1,1,1,1,1
box,0,2,0,2,0,10,newRoot+,73,15860,1,10000000,1,1,1,1,1,1,1
box,0,2,0,2,0,11,newRoot-,24,5543,1,10000000,1,1,1,1,1,1,1
box,0,2,1,3,0,0,buildtotal,558,118187,1,10000000,1,1,0,1,1,1,1
box,0,2,1,3,0,1,objects+,88,18822,1,10000000,1,1,0,1,1,1,1
box,0,2,1,3,0,2,objects-,215,45606,1,10000000,1,1,0,1,1,1,1
box,0,2,1,3,0,3,colliders+,12,2850,1,10000000,1,1,0,1,1,1,1
box,0,2,1,3,0,4,colliders-,27,5982,1,10000000,1,1,0,1,1,1,1
box,0,2,1,3,0,5,publishtotal,457,96387,1,10000000,1,1,0,1,1,1,1
box,0,2,1,3,0,6,SetActive+,229,48648,1,10000000,1,1,0,1,1,1,1
box,0,2,1,3,0,7,SetActive-,40,8639,1,10000000,1,1,0,1,1,1,1
box,0,2,1,3,0,8,BuildSide+,108,22653,1,10000000,1,1,0,1,1,1,1
box,0,2,1,3,0,9,BuildSide-,254,53498,1,10000000,1,1,0,1,1,1,1
box,0,2,1,3,0,10,newRoot+,27,5952,1,10000000,1,1,0,1,1,1,1
box,0,2,1,3,0,11,newRoot-,63,13783,1,10000000,1,1,0,1,1,1,1
box,0,2,2,1,0,0,buildtotal,528,112738,1,10000000,1,1,0,0,1,1,1
box,0,2,2,1,0,1,objects+,84,18014,1,10000000,1,1,0,0,1,1,1
box,0,2,2,1,0,2,objects-,207,44159,1,10000000,1,1,0,0,1,1,1
box,0,2,2,1,0,3,colliders+,12,2809,1,10000000,1,1,0,0,1,1,1
box,0,2,2,1,0,4,colliders-,26,5873,1,10000000,1,1,0,0,1,1,1
box,0,2,2,1,0,5,publishtotal,405,85481,1,10000000,1,1,0,0,1,1,1
box,0,2,2,1,0,6,SetActive+,139,29901,1,10000000,1,1,0,0,1,1,1
box,0,2,2,1,0,7,SetActive-,115,24786,1,10000000,1,1,0,0,1,1,1
box,0,2,2,1,0,8,BuildSide+,104,21829,1,10000000,1,1,0,0,1,1,1
box,0,2,2,1,0,9,BuildSide-,248,52057,1,10000000,1,1,0,0,1,1,1
box,0,2,2,1,0,10,newRoot+,26,5785,1,10000000,1,1,0,0,1,1,1
box,0,2,2,1,0,11,newRoot-,67,14592,1,10000000,1,1,0,0,1,1,1
box,0,2,3,0,0,0,buildtotal,532,113565,1,10000000,1,1,1,0,1,1,1
box,0,2,3,0,0,1,objects+,210,44722,1,10000000,1,1,1,0,1,1,1
box,0,2,3,0,0,2,objects-,83,17692,1,10000000,1,1,1,0,1,1,1
box,0,2,3,0,0,3,colliders+,23,5130,1,10000000,1,1,1,0,1,1,1
box,0,2,3,0,0,4,colliders-,11,2638,1,10000000,1,1,1,0,1,1,1
box,0,2,3,0,0,5,publishtotal,423,89202,1,10000000,1,1,1,0,1,1,1
box,0,2,3,0,0,6,SetActive+,136,29108,1,10000000,1,1,1,0,1,1,1
box,0,2,3,0,0,7,SetActive-,114,24528,1,10000000,1,1,1,0,1,1,1
box,0,2,3,0,0,8,BuildSide+,247,51973,1,10000000,1,1,1,0,1,1,1
box,0,2,3,0,0,9,BuildSide-,101,21335,1,10000000,1,1,1,0,1,1,1
box,0,2,3,0,0,10,newRoot+,58,12760,1,10000000,1,1,1,0,1,1,1
box,0,2,3,0,0,11,newRoot-,23,5160,1,10000000,1,1,1,0,1,1,1
box,0,3,0,3,0,0,buildtotal,593,125866,1,10000000,1,1,0,1,1,1,1
box,0,3,0,3,0,1,objects+,85,18005,1,10000000,1,1,0,1,1,1,1
box,0,3,0,3,0,2,objects-,237,50387,1,10000000,1,1,0,1,1,1,1
box,0,3,0,3,0,3,colliders+,11,2477,1,10000000,1,1,0,1,1,1,1
box,0,3,0,3,0,4,colliders-,31,6859,1,10000000,1,1,0,1,1,1,1
box,0,3,0,3,0,5,publishtotal,453,95428,1,10000000,1,1,0,1,1,1,1
box,0,3,0,3,0,6,SetActive+,235,49950,1,10000000,1,1,0,1,1,1,1
box,0,3,0,3,0,7,SetActive-,39,8588,1,10000000,1,1,0,1,1,1,1
box,0,3,0,3,0,8,BuildSide+,102,21427,1,10000000,1,1,0,1,1,1,1
box,0,3,0,3,0,9,BuildSide-,282,59414,1,10000000,1,1,0,1,1,1,1
box,0,3,0,3,0,10,newRoot+,26,5685,1,10000000,1,1,0,1,1,1,1
box,0,3,0,3,0,11,newRoot-,64,13950,1,10000000,1,1,0,1,1,1,1
box,0,3,1,0,0,0,buildtotal,593,125480,1,10000000,1,1,1,0,1,1,1
box,0,3,1,0,0,1,objects+,230,48978,1,10000000,1,1,1,0,1,1,1
box,0,3,1,0,0,2,objects-,88,18693,1,10000000,1,1,1,0,1,1,1
box,0,3,1,0,0,3,colliders+,29,6401,1,10000000,1,1,1,0,1,1,1
box,0,3,1,0,0,4,colliders-,12,2950,1,10000000,1,1,1,0,1,1,1
box,0,3,1,0,0,5,publishtotal,430,90741,1,10000000,1,1,1,0,1,1,1
box,0,3,1,0,0,6,SetActive+,131,28170,1,10000000,1,1,1,0,1,1,1
box,0,3,1,0,0,7,SetActive-,120,25766,1,10000000,1,1,1,0,1,1,1
box,0,3,1,0,0,8,BuildSide+,273,57478,1,10000000,1,1,1,0,1,1,1
box,0,3,1,0,0,9,BuildSide-,107,22632,1,10000000,1,1,1,0,1,1,1
box,0,3,1,0,0,10,newRoot+,75,16202,1,10000000,1,1,1,0,1,1,1
box,0,3,1,0,0,11,newRoot-,28,6194,1,10000000,1,1,1,0,1,1,1
box,0,3,2,2,0,0,buildtotal,524,110953,1,10000000,1,1,1,1,1,1,1
box,0,3,2,2,0,1,objects+,204,43358,1,10000000,1,1,1,1,1,1,1
box,0,3,2,2,0,2,objects-,89,18947,1,10000000,1,1,1,1,1,1,1
box,0,3,2,2,0,3,colliders+,27,5963,1,10000000,1,1,1,1,1,1,1
box,0,3,2,2,0,4,colliders-,13,3015,1,10000000,1,1,1,1,1,1,1
box,0,3,2,2,0,5,publishtotal,435,91946,1,10000000,1,1,1,1,1,1,1
box,0,3,2,2,0,6,SetActive+,238,50572,1,10000000,1,1,1,1,1,1,1
box,0,3,2,2,0,7,SetActive-,38,8466,1,10000000,1,1,1,1,1,1,1
box,0,3,2,2,0,8,BuildSide+,248,52203,1,10000000,1,1,1,1,1,1,1
box,0,3,2,2,0,9,BuildSide-,109,22957,1,10000000,1,1,1,1,1,1,1
box,0,3,2,2,0,10,newRoot+,62,13455,1,10000000,1,1,1,1,1,1,1
box,0,3,2,2,0,11,newRoot-,24,5362,1,10000000,1,1,1,1,1,1,1
box,0,3,3,1,0,0,buildtotal,514,108564,1,10000000,1,1,0,0,1,1,1
box,0,3,3,1,0,1,objects+,84,17887,1,10000000,1,1,0,0,1,1,1
box,0,3,3,1,0,2,objects-,199,42344,1,10000000,1,1,0,0,1,1,1
box,0,3,3,1,0,3,colliders+,11,2649,1,10000000,1,1,0,0,1,1,1
box,0,3,3,1,0,4,colliders-,28,6150,1,10000000,1,1,0,0,1,1,1
box,0,3,3,1,0,5,publishtotal,415,87486,1,10000000,1,1,0,0,1,1,1
box,0,3,3,1,0,6,SetActive+,137,29387,1,10000000,1,1,0,0,1,1,1
box,0,3,3,1,0,7,SetActive-,121,26050,1,10000000,1,1,0,0,1,1,1
box,0,3,3,1,0,8,BuildSide+,102,21509,1,10000000,1,1,0,0,1,1,1
box,0,3,3,1,0,9,BuildSide-,245,51378,1,10000000,1,1,0,0,1,1,1
box,0,3,3,1,0,10,newRoot+,27,5942,1,10000000,1,1,0,0,1,1,1
box,0,3,3,1,0,11,newRoot-,63,13667,1,10000000,1,1,0,0,1,1,1
box,0,4,0,0,0,0,buildtotal,572,121453,1,10000000,1,1,1,0,1,1,1
box,0,4,0,0,0,1,objects+,219,46517,1,10000000,1,1,1,0,1,1,1
box,0,4,0,0,0,2,objects-,84,17855,1,10000000,1,1,1,0,1,1,1
box,0,4,0,0,0,3,colliders+,27,5861,1,10000000,1,1,1,0,1,1,1
box,0,4,0,0,0,4,colliders-,11,2646,1,10000000,1,1,1,0,1,1,1
box,0,4,0,0,0,5,publishtotal,424,89442,1,10000000,1,1,1,0,1,1,1
box,0,4,0,0,0,6,SetActive+,142,30234,1,10000000,1,1,1,0,1,1,1
box,0,4,0,0,0,7,SetActive-,123,26426,1,10000000,1,1,1,0,1,1,1
box,0,4,0,0,0,8,BuildSide+,260,54604,1,10000000,1,1,1,0,1,1,1
box,0,4,0,0,0,9,BuildSide-,102,21543,1,10000000,1,1,1,0,1,1,1
box,0,4,0,0,0,10,newRoot+,62,13589,1,10000000,1,1,1,0,1,1,1
box,0,4,0,0,0,11,newRoot-,24,5278,1,10000000,1,1,1,0,1,1,1
box,0,4,1,1,0,0,buildtotal,645,136956,1,10000000,1,1,0,0,1,1,1
box,0,4,1,1,0,1,objects+,87,18390,1,10000000,1,1,0,0,1,1,1
box,0,4,1,1,0,2,objects-,242,51201,1,10000000,1,1,0,0,1,1,1
box,0,4,1,1,0,3,colliders+,16,3708,1,10000000,1,1,0,0,1,1,1
box,0,4,1,1,0,4,colliders-,26,5875,1,10000000,1,1,0,0,1,1,1
box,0,4,1,1,0,5,publishtotal,465,98155,1,10000000,1,1,0,0,1,1,1
box,0,4,1,1,0,6,SetActive+,148,31659,1,10000000,1,1,0,0,1,1,1
box,0,4,1,1,0,7,SetActive-,137,29192,1,10000000,1,1,0,0,1,1,1
box,0,4,1,1,0,8,BuildSide+,110,23077,1,10000000,1,1,0,0,1,1,1
box,0,4,1,1,0,9,BuildSide-,281,59287,1,10000000,1,1,0,0,1,1,1
box,0,4,1,1,0,10,newRoot+,25,5701,1,10000000,1,1,0,0,1,1,1
box,0,4,1,1,0,11,newRoot-,81,17484,1,10000000,1,1,0,0,1,1,1
box,0,4,2,3,0,0,buildtotal,533,112946,1,10000000,1,1,0,1,1,1,1
box,0,4,2,3,0,1,objects+,87,18680,1,10000000,1,1,0,1,1,1,1
box,0,4,2,3,0,2,objects-,209,44567,1,10000000,1,1,0,1,1,1,1
box,0,4,2,3,0,3,colliders+,11,2676,1,10000000,1,1,0,1,1,1,1
box,0,4,2,3,0,4,colliders-,25,5512,1,10000000,1,1,0,1,1,1,1
box,0,4,2,3,0,5,publishtotal,415,87562,1,10000000,1,1,0,1,1,1,1
box,0,4,2,3,0,6,SetActive+,217,46162,1,10000000,1,1,0,1,1,1,1
box,0,4,2,3,0,7,SetActive-,38,8266,1,10000000,1,1,0,1,1,1,1
box,0,4,2,3,0,8,BuildSide+,106,22363,1,10000000,1,1,0,1,1,1,1
box,0,4,2,3,0,9,BuildSide-,247,51958,1,10000000,1,1,0,1,1,1,1
box,0,4,2,3,0,10,newRoot+,24,5435,1,10000000,1,1,0,1,1,1,1
box,0,4,2,3,0,11,newRoot-,67,14463,1,10000000,1,1,0,1,1,1,1
box,0,4,3,2,0,0,buildtotal,581,122840,1,10000000,1,1,1,1,1,1,1
box,0,4,3,2,0,1,objects+,232,49250,1,10000000,1,1,1,1,1,1,1
box,0,4,3,2,0,2,objects-,88,18747,1,10000000,1,1,1,1,1,1,1
box,0,4,3,2,0,3,colliders+,24,5526,1,10000000,1,1,1,1,1,1,1
box,0,4,3,2,0,4,colliders-,10,2440,1,10000000,1,1,1,1,1,1,1
box,0,4,3,2,0,5,publishtotal,435,91691,1,10000000,1,1,1,1,1,1,1
box,0,4,3,2,0,6,SetActive+,229,48881,1,10000000,1,1,1,1,1,1,1
box,0,4,3,2,0,7,SetActive-,37,8270,1,10000000,1,1,1,1,1,1,1
box,0,4,3,2,0,8,BuildSide+,272,57299,1,10000000,1,1,1,1,1,1,1
box,0,4,3,2,0,9,BuildSide-,105,22188,1,10000000,1,1,1,1,1,1,1
box,0,4,3,2,0,10,newRoot+,86,18558,1,10000000,1,1,1,1,1,1,1
box,0,4,3,2,0,11,newRoot-,27,6007,1,10000000,1,1,1,1,1,1,1
box,0,5,0,1,0,0,buildtotal,596,126893,1,10000000,1,1,0,0,1,1,1
box,0,5,0,1,0,1,objects+,87,18580,1,10000000,1,1,0,0,1,1,1
box,0,5,0,1,0,2,objects-,228,48477,1,10000000,1,1,0,0,1,1,1
box,0,5,0,1,0,3,colliders+,11,2809,1,10000000,1,1,0,0,1,1,1
box,0,5,0,1,0,4,colliders-,34,7458,1,10000000,1,1,0,0,1,1,1
box,0,5,0,1,0,5,publishtotal,438,92275,1,10000000,1,1,0,0,1,1,1
box,0,5,0,1,0,6,SetActive+,145,31043,1,10000000,1,1,0,0,1,1,1
box,0,5,0,1,0,7,SetActive-,114,24648,1,10000000,1,1,0,0,1,1,1
box,0,5,0,1,0,8,BuildSide+,107,22389,1,10000000,1,1,0,0,1,1,1
box,0,5,0,1,0,9,BuildSide-,275,58053,1,10000000,1,1,0,0,1,1,1
box,0,5,0,1,0,10,newRoot+,25,5794,1,10000000,1,1,0,0,1,1,1
box,0,5,0,1,0,11,newRoot-,68,14671,1,10000000,1,1,0,0,1,1,1
box,0,5,1,2,0,0,buildtotal,580,122862,1,10000000,1,1,1,1,1,1,1
box,0,5,1,2,0,1,objects+,225,47849,1,10000000,1,1,1,1,1,1,1
box,0,5,1,2,0,2,objects-,96,20498,1,10000000,1,1,1,1,1,1,1
box,0,5,1,2,0,3,colliders+,35,7596,1,10000000,1,1,1,1,1,1,1
box,0,5,1,2,0,4,colliders-,12,2913,1,10000000,1,1,1,1,1,1,1
box,0,5,1,2,0,5,publishtotal,458,96511,1,10000000,1,1,1,1,1,1,1
box,0,5,1,2,0,6,SetActive+,244,51898,1,10000000,1,1,1,1,1,1,1
box,0,5,1,2,0,7,SetActive-,42,9061,1,10000000,1,1,1,1,1,1,1
box,0,5,1,2,0,8,BuildSide+,274,57617,1,10000000,1,1,1,1,1,1,1
box,0,5,1,2,0,9,BuildSide-,116,24449,1,10000000,1,1,1,1,1,1,1
box,0,5,1,2,0,10,newRoot+,73,16009,1,10000000,1,1,1,1,1,1,1
box,0,5,1,2,0,11,newRoot-,27,6037,1,10000000,1,1,1,1,1,1,1
box,0,5,2,0,0,0,buildtotal,565,119791,1,10000000,1,1,1,0,1,1,1
box,0,5,2,0,0,1,objects+,213,45310,1,10000000,1,1,1,0,1,1,1
box,0,5,2,0,0,2,objects-,92,19807,1,10000000,1,1,1,0,1,1,1
box,0,5,2,0,0,3,colliders+,21,4866,1,10000000,1,1,1,0,1,1,1
box,0,5,2,0,0,4,colliders-,13,3021,1,10000000,1,1,1,0,1,1,1
box,0,5,2,0,0,5,publishtotal,482,101542,1,10000000,1,1,1,0,1,1,1
box,0,5,2,0,0,6,SetActive+,161,34493,1,10000000,1,1,1,0,1,1,1
box,0,5,2,0,0,7,SetActive-,132,28221,1,10000000,1,1,1,0,1,1,1
box,0,5,2,0,0,8,BuildSide+,250,52657,1,10000000,1,1,1,0,1,1,1
box,0,5,2,0,0,9,BuildSide-,113,23857,1,10000000,1,1,1,0,1,1,1
box,0,5,2,0,0,10,newRoot+,68,14744,1,10000000,1,1,1,0,1,1,1
box,0,5,2,0,0,11,newRoot-,28,6186,1,10000000,1,1,1,0,1,1,1
box,0,5,3,3,0,0,buildtotal,796,168669,1,10000000,1,1,0,1,1,1,1
box,0,5,3,3,0,1,objects+,100,21401,1,10000000,1,1,0,1,1,1,1
box,0,5,3,3,0,2,objects-,369,77919,1,10000000,1,1,0,1,1,1,1
box,0,5,3,3,0,3,colliders+,13,3019,1,10000000,1,1,0,1,1,1,1
box,0,5,3,3,0,4,colliders-,44,9619,1,10000000,1,1,0,1,1,1,1
box,0,5,3,3,0,5,publishtotal,599,126388,1,10000000,1,1,0,1,1,1,1
box,0,5,3,3,0,6,SetActive+,338,71783,1,10000000,1,1,0,1,1,1,1
box,0,5,3,3,0,7,SetActive-,44,9698,1,10000000,1,1,0,1,1,1,1
box,0,5,3,3,0,8,BuildSide+,121,25511,1,10000000,1,1,0,1,1,1,1
box,0,5,3,3,0,9,BuildSide-,430,90472,1,10000000,1,1,0,1,1,1,1
box,0,5,3,3,0,10,newRoot+,27,6001,1,10000000,1,1,0,1,1,1,1
box,0,5,3,3,0,11,newRoot-,146,31262,1,10000000,1,1,0,1,1,1,1
box,0,6,0,2,0,0,buildtotal,833,154794,1,10000000,1,1,1,1,1,1,1
box,0,6,0,2,0,1,objects+,400,73079,1,10000000,1,1,1,1,1,1,1
box,0,6,0,2,0,2,objects-,102,21732,1,10000000,1,1,1,1,1,1,1
box,0,6,0,2,0,3,colliders+,33,7421,1,10000000,1,1,1,1,1,1,1
box,0,6,0,2,0,4,colliders-,12,2986,1,10000000,1,1,1,1,1,1,1
box,0,6,0,2,0,5,publishtotal,675,141813,1,10000000,1,1,1,1,1,1,1
box,0,6,0,2,0,6,SetActive+,346,74254,1,10000000,1,1,1,1,1,1,1
box,0,6,0,2,0,7,SetActive-,100,22151,1,10000000,1,1,1,1,1,1,1
box,0,6,0,2,0,8,BuildSide+,449,83075,1,10000000,1,1,1,1,1,1,1
box,0,6,0,2,0,9,BuildSide-,123,25721,1,10000000,1,1,1,1,1,1,1
box,0,6,0,2,0,10,newRoot+,118,25359,1,10000000,1,1,1,1,1,1,1
box,0,6,0,2,0,11,newRoot-,34,7614,1,10000000,1,1,1,1,1,1,1
box,0,6,1,3,0,0,buildtotal,853,143170,1,10000000,1,1,0,1,1,1,1
box,0,6,1,3,0,1,objects+,90,19099,1,10000000,1,1,0,1,1,1,1
box,0,6,1,3,0,2,objects-,297,62699,1,10000000,1,1,0,1,1,1,1
box,0,6,1,3,0,3,colliders+,11,2644,1,10000000,1,1,0,1,1,1,1
box,0,6,1,3,0,4,colliders-,35,7663,1,10000000,1,1,0,1,1,1,1
box,0,6,1,3,0,5,publishtotal,493,103987,1,10000000,1,1,0,1,1,1,1
box,0,6,1,3,0,6,SetActive+,266,56597,1,10000000,1,1,0,1,1,1,1
box,0,6,1,3,0,7,SetActive-,49,10677,1,10000000,1,1,0,1,1,1,1
box,0,6,1,3,0,8,BuildSide+,109,22809,1,10000000,1,1,0,1,1,1,1
box,0,6,1,3,0,9,BuildSide-,345,72542,1,10000000,1,1,0,1,1,1,1
box,0,6,1,3,0,10,newRoot+,27,6030,1,10000000,1,1,0,1,1,1,1
box,0,6,1,3,0,11,newRoot-,120,25663,1,10000000,1,1,0,1,1,1,1
box,0,6,2,1,0,0,buildtotal,764,162287,1,10000000,1,1,0,0,1,1,1
box,0,6,2,1,0,1,objects+,92,19753,1,10000000,1,1,0,0,1,1,1
box,0,6,2,1,0,2,objects-,320,67757,1,10000000,1,1,0,0,1,1,1
box,0,6,2,1,0,3,colliders+,13,3082,1,10000000,1,1,0,0,1,1,1
box,0,6,2,1,0,4,colliders-,38,8269,1,10000000,1,1,0,0,1,1,1
box,0,6,2,1,0,5,publishtotal,615,129745,1,10000000,1,1,0,0,1,1,1
box,0,6,2,1,0,6,SetActive+,200,42696,1,10000000,1,1,0,0,1,1,1
box,0,6,2,1,0,7,SetActive-,177,37773,1,10000000,1,1,0,0,1,1,1
box,0,6,2,1,0,8,BuildSide+,113,23860,1,10000000,1,1,0,0,1,1,1
box,0,6,2,1,0,9,BuildSide-,375,78759,1,10000000,1,1,0,0,1,1,1
box,0,6,2,1,0,10,newRoot+,31,6773,1,10000000,1,1,0,0,1,1,1
box,0,6,2,1,0,11,newRoot-,129,27654,1,10000000,1,1,0,0,1,1,1
box,0,6,3,0,0,0,buildtotal,547,116199,1,10000000,1,1,1,0,1,1,1
box,0,6,3,0,0,1,objects+,212,44885,1,10000000,1,1,1,0,1,1,1
box,0,6,3,0,0,2,objects-,88,18969,1,10000000,1,1,1,0,1,1,1
box,0,6,3,0,0,3,colliders+,27,6044,1,10000000,1,1,1,0,1,1,1
box,0,6,3,0,0,4,colliders-,12,2837,1,10000000,1,1,1,0,1,1,1
box,0,6,3,0,0,5,publishtotal,461,97059,1,10000000,1,1,1,0,1,1,1
box,0,6,3,0,0,6,SetActive+,160,34064,1,10000000,1,1,1,0,1,1,1
box,0,6,3,0,0,7,SetActive-,121,26129,1,10000000,1,1,1,0,1,1,1
box,0,6,3,0,0,8,BuildSide+,253,53165,1,10000000,1,1,1,0,1,1,1
box,0,6,3,0,0,9,BuildSide-,109,22823,1,10000000,1,1,1,0,1,1,1
box,0,6,3,0,0,10,newRoot+,59,12980,1,10000000,1,1,1,0,1,1,1
box,0,6,3,0,0,11,newRoot-,28,6333,1,10000000,1,1,1,0,1,1,1
box,0,7,0,3,0,0,buildtotal,761,160825,1,10000000,1,1,0,1,1,1,1
box,0,7,0,3,0,1,objects+,102,21896,1,10000000,1,1,0,1,1,1,1
box,0,7,0,3,0,2,objects-,336,71064,1,10000000,1,1,0,1,1,1,1
box,0,7,0,3,0,3,colliders+,13,3047,1,10000000,1,1,0,1,1,1,1
box,0,7,0,3,0,4,colliders-,43,9340,1,10000000,1,1,0,1,1,1,1
box,0,7,0,3,0,5,publishtotal,599,126392,1,10000000,1,1,0,1,1,1,1
box,0,7,0,3,0,6,SetActive+,355,75368,1,10000000,1,1,0,1,1,1,1
box,0,7,0,3,0,7,SetActive-,40,9012,1,10000000,1,1,0,1,1,1,1
box,0,7,0,3,0,8,BuildSide+,123,26037,1,10000000,1,1,0,1,1,1,1
box,0,7,0,3,0,9,BuildSide-,397,83327,1,10000000,1,1,0,1,1,1,1
box,0,7,0,3,0,10,newRoot+,28,6103,1,10000000,1,1,0,1,1,1,1
box,0,7,0,3,0,11,newRoot-,130,27856,1,10000000,1,1,0,1,1,1,1
box,0,7,1,0,0,0,buildtotal,641,135936,1,10000000,1,1,1,0,1,1,1
box,0,7,1,0,0,1,objects+,263,55735,1,10000000,1,1,1,0,1,1,1
box,0,7,1,0,0,2,objects-,88,18737,1,10000000,1,1,1,0,1,1,1
box,0,7,1,0,0,3,colliders+,30,6810,1,10000000,1,1,1,0,1,1,1
box,0,7,1,0,0,4,colliders-,12,2720,1,10000000,1,1,1,0,1,1,1
box,0,7,1,0,0,5,publishtotal,454,95891,1,10000000,1,1,1,0,1,1,1
box,0,7,1,0,0,6,SetActive+,150,32185,1,10000000,1,1,1,0,1,1,1
box,0,7,1,0,0,7,SetActive-,126,26960,1,10000000,1,1,1,0,1,1,1
box,0,7,1,0,0,8,BuildSide+,309,64772,1,10000000,1,1,1,0,1,1,1
box,0,7,1,0,0,9,BuildSide-,107,22457,1,10000000,1,1,1,0,1,1,1
box,0,7,1,0,0,10,newRoot+,88,19138,1,10000000,1,1,1,0,1,1,1
box,0,7,1,0,0,11,newRoot-,28,6081,1,10000000,1,1,1,0,1,1,1
box,0,7,2,2,0,0,buildtotal,619,130875,1,10000000,1,1,1,1,1,1,1
box,0,7,2,2,0,1,objects+,247,52136,1,10000000,1,1,1,1,1,1,1
box,0,7,2,2,0,2,objects-,91,19358,1,10000000,1,1,1,1,1,1,1
box,0,7,2,2,0,3,colliders+,30,6531,1,10000000,1,1,1,1,1,1,1
box,0,7,2,2,0,4,colliders-,12,2905,1,10000000,1,1,1,1,1,1,1
box,0,7,2,2,0,5,publishtotal,502,105888,1,10000000,1,1,1,1,1,1,1
box,0,7,2,2,0,6,SetActive+,282,59976,1,10000000,1,1,1,1,1,1,1
box,0,7,2,2,0,7,SetActive-,42,9340,1,10000000,1,1,1,1,1,1,1
box,0,7,2,2,0,8,BuildSide+,293,61505,1,10000000,1,1,1,1,1,1,1
box,0,7,2,2,0,9,BuildSide-,111,23376,1,10000000,1,1,1,1,1,1,1
box,0,7,2,2,0,10,newRoot+,83,18026,1,10000000,1,1,1,1,1,1,1
box,0,7,2,2,0,11,newRoot-,26,5846,1,10000000,1,1,1,1,1,1,1
box,0,7,3,1,0,0,buildtotal,681,143989,1,10000000,1,1,0,0,1,1,1
box,0,7,3,1,0,1,objects+,95,20238,1,10000000,1,1,0,0,1,1,1
box,0,7,3,1,0,2,objects-,278,58832,1,10000000,1,1,0,0,1,1,1
box,0,7,3,1,0,3,colliders+,16,3553,1,10000000,1,1,0,0,1,1,1
box,0,7,3,1,0,4,colliders-,35,7690,1,10000000,1,1,0,0,1,1,1
box,0,7,3,1,0,5,publishtotal,558,117556,1,10000000,1,1,0,0,1,1,1
box,0,7,3,1,0,6,SetActive+,186,39635,1,10000000,1,1,0,0,1,1,1
box,0,7,3,1,0,7,SetActive-,156,33367,1,10000000,1,1,0,0,1,1,1
box,0,7,3,1,0,8,BuildSide+,119,24926,1,10000000,1,1,0,0,1,1,1
box,0,7,3,1,0,9,BuildSide-,328,68952,1,10000000,1,1,0,0,1,1,1
box,0,7,3,1,0,10,newRoot+,27,6050,1,10000000,1,1,0,0,1,1,1
box,0,7,3,1,0,11,newRoot-,107,23092,1,10000000,1,1,0,0,1,1,1
character,1,-1,0,0,1,0,buildtotal,1026,216308,1,10000000,15,9,1,0,1,1,1
character,1,-1,0,0,1,1,objects+,339,71595,1,10000000,15,9,1,0,1,1,1
character,1,-1,0,0,1,2,objects-,106,22697,1,10000000,15,9,1,0,1,1,1
character,1,-1,0,0,1,3,colliders+,192,40939,1,10000000,15,9,1,0,1,1,1
character,1,-1,0,0,1,4,colliders-,104,22257,1,10000000,15,9,1,0,1,1,1
character,1,-1,0,0,1,5,publishtotal,1038,219016,1,10000000,15,9,1,0,1,1,1
character,1,-1,0,0,1,6,SetActive+,437,92610,1,10000000,15,9,1,0,1,1,1
character,1,-1,0,0,1,7,SetActive-,307,65509,1,10000000,15,9,1,0,1,1,1
character,1,-1,0,0,1,8,BuildSide+,552,116045,1,10000000,15,9,1,0,1,1,1
character,1,-1,0,0,1,9,BuildSide-,219,45930,1,10000000,15,9,1,0,1,1,1
character,1,-1,0,0,1,10,newRoot+,106,22735,1,10000000,15,9,1,0,1,1,1
character,1,-1,0,0,1,11,newRoot-,24,5333,1,10000000,15,9,1,0,1,1,1
character,1,-1,1,1,1,0,buildtotal,871,183761,1,10000000,15,9,0,0,1,1,1
character,1,-1,1,1,1,1,objects+,93,19848,1,10000000,15,9,0,0,1,1,1
character,1,-1,1,1,1,2,objects-,250,52795,1,10000000,15,9,0,0,1,1,1
character,1,-1,1,1,1,3,colliders+,145,31089,1,10000000,15,9,0,0,1,1,1
character,1,-1,1,1,1,4,colliders-,122,26146,1,10000000,15,9,0,0,1,1,1
character,1,-1,1,1,1,5,publishtotal,855,180137,1,10000000,15,9,0,0,1,1,1
character,1,-1,1,1,1,6,SetActive+,371,78746,1,10000000,15,9,0,0,1,1,1
character,1,-1,1,1,1,7,SetActive-,242,51535,1,10000000,15,9,0,0,1,1,1
character,1,-1,1,1,1,8,BuildSide+,249,52204,1,10000000,15,9,0,0,1,1,1
character,1,-1,1,1,1,9,BuildSide-,387,81412,1,10000000,15,9,0,0,1,1,1
character,1,-1,1,1,1,10,newRoot+,26,5846,1,10000000,15,9,0,0,1,1,1
character,1,-1,1,1,1,11,newRoot-,79,17010,1,10000000,15,9,0,0,1,1,1
character,1,-1,2,3,1,0,buildtotal,915,194151,1,10000000,15,9,0,1,1,1,1
character,1,-1,2,3,1,1,objects+,89,19019,1,10000000,15,9,0,1,1,1,1
character,1,-1,2,3,1,2,objects-,255,54085,1,10000000,15,9,0,1,1,1,1
character,1,-1,2,3,1,3,colliders+,159,33870,1,10000000,15,9,0,1,1,1,1
character,1,-1,2,3,1,4,colliders-,116,24783,1,10000000,15,9,0,1,1,1,1
character,1,-1,2,3,1,5,publishtotal,878,184995,1,10000000,15,9,0,1,1,1,1
character,1,-1,2,3,1,6,SetActive+,471,99939,1,10000000,15,9,0,1,1,1,1
character,1,-1,2,3,1,7,SetActive-,143,30680,1,10000000,15,9,0,1,1,1,1
character,1,-1,2,3,1,8,BuildSide+,256,53951,1,10000000,15,9,0,1,1,1,1
character,1,-1,2,3,1,9,BuildSide-,390,81924,1,10000000,15,9,0,1,1,1,1
character,1,-1,2,3,1,10,newRoot+,27,5985,1,10000000,15,9,0,1,1,1,1
character,1,-1,2,3,1,11,newRoot-,70,15371,1,10000000,15,9,0,1,1,1,1
character,1,-1,3,2,1,0,buildtotal,1516,320992,1,10000000,15,9,1,1,1,1,1
character,1,-1,3,2,1,1,objects+,625,132200,1,10000000,15,9,1,1,1,1,1
character,1,-1,3,2,1,2,objects-,128,27202,1,10000000,15,9,1,1,1,1,1
character,1,-1,3,2,1,3,colliders+,253,53798,1,10000000,15,9,1,1,1,1,1
character,1,-1,3,2,1,4,colliders-,114,24416,1,10000000,15,9,1,1,1,1,1
character,1,-1,3,2,1,5,publishtotal,1421,299714,1,10000000,15,9,1,1,1,1,1
character,1,-1,3,2,1,6,SetActive+,865,183081,1,10000000,15,9,1,1,1,1,1
character,1,-1,3,2,1,7,SetActive-,165,35039,1,10000000,15,9,1,1,1,1,1
character,1,-1,3,2,1,8,BuildSide+,901,189691,1,10000000,15,9,1,1,1,1,1
character,1,-1,3,2,1,9,BuildSide-,251,52653,1,10000000,15,9,1,1,1,1,1
character,1,-1,3,2,1,10,newRoot+,352,74812,1,10000000,15,9,1,1,1,1,1
character,1,-1,3,2,1,11,newRoot-,45,9749,1,10000000,15,9,1,1,1,1,1
character,1,0,0,0,0,0,buildtotal,814,172183,1,10000000,15,9,1,0,1,1,1
character,1,0,0,0,0,1,objects+,219,46433,1,10000000,15,9,1,0,1,1,1
character,1,0,0,0,0,2,objects-,87,18537,1,10000000,15,9,1,0,1,1,1
character,1,0,0,0,0,3,colliders+,166,35281,1,10000000,15,9,1,0,1,1,1
character,1,0,0,0,0,4,colliders-,99,21206,1,10000000,15,9,1,0,1,1,1
character,1,0,0,0,0,5,publishtotal,788,166092,1,10000000,15,9,1,0,1,1,1
character,1,0,0,0,0,6,SetActive+,333,70593,1,10000000,15,9,1,0,1,1,1
character,1,0,0,0,0,7,SetActive-,233,49671,1,10000000,15,9,1,0,1,1,1
character,1,0,0,0,0,8,BuildSide+,399,83867,1,10000000,15,9,1,0,1,1,1
character,1,0,0,0,0,9,BuildSide-,194,40845,1,10000000,15,9,1,0,1,1,1
character,1,0,0,0,0,10,newRoot+,71,15339,1,10000000,15,9,1,0,1,1,1
character,1,0,0,0,0,11,newRoot-,25,5705,1,10000000,15,9,1,0,1,1,1
character,1,0,1,1,0,0,buildtotal,880,185751,1,10000000,15,9,0,0,1,1,1
character,1,0,1,1,0,1,objects+,89,18934,1,10000000,15,9,0,0,1,1,1
character,1,0,1,1,0,2,objects-,240,50565,1,10000000,15,9,0,0,1,1,1
character,1,0,1,1,0,3,colliders+,152,32383,1,10000000,15,9,0,0,1,1,1
character,1,0,1,1,0,4,colliders-,123,26524,1,10000000,15,9,0,0,1,1,1
character,1,0,1,1,0,5,publishtotal,823,173435,1,10000000,15,9,0,0,1,1,1
character,1,0,1,1,0,6,SetActive+,334,71148,1,10000000,15,9,0,0,1,1,1
character,1,0,1,1,0,7,SetActive-,252,53733,1,10000000,15,9,0,0,1,1,1
character,1,0,1,1,0,8,BuildSide+,250,52380,1,10000000,15,9,0,0,1,1,1
character,1,0,1,1,0,9,BuildSide-,381,80104,1,10000000,15,9,0,0,1,1,1
character,1,0,1,1,0,10,newRoot+,28,6455,1,10000000,15,9,0,0,1,1,1
character,1,0,1,1,0,11,newRoot-,83,17915,1,10000000,15,9,0,0,1,1,1
character,1,0,2,3,0,0,buildtotal,841,177576,1,10000000,15,9,0,1,1,1,1
character,1,0,2,3,0,1,objects+,98,20884,1,10000000,15,9,0,1,1,1,1
character,1,0,2,3,0,2,objects-,226,48020,1,10000000,15,9,0,1,1,1,1
character,1,0,2,3,0,3,colliders+,152,32489,1,10000000,15,9,0,1,1,1,1
character,1,0,2,3,0,4,colliders-,116,24911,1,10000000,15,9,0,1,1,1,1
character,1,0,2,3,0,5,publishtotal,800,168893,1,10000000,15,9,0,1,1,1,1
character,1,0,2,3,0,6,SetActive+,421,89285,1,10000000,15,9,0,1,1,1,1
character,1,0,2,3,0,7,SetActive-,144,30912,1,10000000,15,9,0,1,1,1,1
character,1,0,2,3,0,8,BuildSide+,259,54474,1,10000000,15,9,0,1,1,1,1
character,1,0,2,3,0,9,BuildSide-,358,75221,1,10000000,15,9,0,1,1,1,1
character,1,0,2,3,0,10,newRoot+,26,5816,1,10000000,15,9,0,1,1,1,1
character,1,0,2,3,0,11,newRoot-,81,17515,1,10000000,15,9,0,1,1,1,1
character,1,0,3,2,0,0,buildtotal,856,180746,1,10000000,15,9,1,1,1,1,1
character,1,0,3,2,0,1,objects+,219,46400,1,10000000,15,9,1,1,1,1,1
character,1,0,3,2,0,2,objects-,86,18482,1,10000000,15,9,1,1,1,1,1
character,1,0,3,2,0,3,colliders+,181,38643,1,10000000,15,9,1,1,1,1,1
character,1,0,3,2,0,4,colliders-,101,21755,1,10000000,15,9,1,1,1,1,1
character,1,0,3,2,0,5,publishtotal,856,180956,1,10000000,15,9,1,1,1,1,1
character,1,0,3,2,0,6,SetActive+,477,101467,1,10000000,15,9,1,1,1,1,1
character,1,0,3,2,0,7,SetActive-,146,31171,1,10000000,15,9,1,1,1,1,1
character,1,0,3,2,0,8,BuildSide+,417,87501,1,10000000,15,9,1,1,1,1,1
character,1,0,3,2,0,9,BuildSide-,197,41370,1,10000000,15,9,1,1,1,1,1
character,1,0,3,2,0,10,newRoot+,65,14188,1,10000000,15,9,1,1,1,1,1
character,1,0,3,2,0,11,newRoot-,27,6028,1,10000000,15,9,1,1,1,1,1
character,1,1,0,1,0,0,buildtotal,801,169233,1,10000000,15,9,0,0,1,1,1
character,1,1,0,1,0,1,objects+,91,19516,1,10000000,15,9,0,0,1,1,1
character,1,1,0,1,0,2,objects-,208,44214,1,10000000,15,9,0,0,1,1,1
character,1,1,0,1,0,3,colliders+,149,31680,1,10000000,15,9,0,0,1,1,1
character,1,1,0,1,0,4,colliders-,111,23768,1,10000000,15,9,0,0,1,1,1
character,1,1,0,1,0,5,publishtotal,805,169670,1,10000000,15,9,0,0,1,1,1
character,1,1,0,1,0,6,SetActive+,332,70699,1,10000000,15,9,0,0,1,1,1
character,1,1,0,1,0,7,SetActive-,245,52146,1,10000000,15,9,0,0,1,1,1
character,1,1,0,1,0,8,BuildSide+,249,52283,1,10000000,15,9,0,0,1,1,1
character,1,1,0,1,0,9,BuildSide-,333,70213,1,10000000,15,9,0,0,1,1,1
character,1,1,0,1,0,10,newRoot+,27,6150,1,10000000,15,9,0,0,1,1,1
character,1,1,0,1,0,11,newRoot-,68,14771,1,10000000,15,9,0,0,1,1,1
character,1,1,1,2,0,0,buildtotal,815,171786,1,10000000,15,9,1,1,1,1,1
character,1,1,1,2,0,1,objects+,219,46218,1,10000000,15,9,1,1,1,1,1
character,1,1,1,2,0,2,objects-,99,21136,1,10000000,15,9,1,1,1,1,1
character,1,1,1,2,0,3,colliders+,156,33387,1,10000000,15,9,1,1,1,1,1
character,1,1,1,2,0,4,colliders-,97,20770,1,10000000,15,9,1,1,1,1,1
character,1,1,1,2,0,5,publishtotal,764,161152,1,10000000,15,9,1,1,1,1,1
character,1,1,1,2,0,6,SetActive+,401,85228,1,10000000,15,9,1,1,1,1,1
character,1,1,1,2,0,7,SetActive-,137,29402,1,10000000,15,9,1,1,1,1,1
character,1,1,1,2,0,8,BuildSide+,390,81991,1,10000000,15,9,1,1,1,1,1
character,1,1,1,2,0,9,BuildSide-,204,43000,1,10000000,15,9,1,1,1,1,1
character,1,1,1,2,0,10,newRoot+,73,15822,1,10000000,15,9,1,1,1,1,1
character,1,1,1,2,0,11,newRoot-,33,7357,1,10000000,15,9,1,1,1,1,1
character,1,1,2,0,0,0,buildtotal,768,162021,1,10000000,15,9,1,0,1,1,1
character,1,1,2,0,0,1,objects+,215,45506,1,10000000,15,9,1,0,1,1,1
character,1,1,2,0,0,2,objects-,78,16833,1,10000000,15,9,1,0,1,1,1
character,1,1,2,0,0,3,colliders+,159,34121,1,10000000,15,9,1,0,1,1,1
character,1,1,2,0,0,4,colliders-,89,19305,1,10000000,15,9,1,0,1,1,1
character,1,1,2,0,0,5,publishtotal,751,158463,1,10000000,15,9,1,0,1,1,1
character,1,1,2,0,0,6,SetActive+,317,67477,1,10000000,15,9,1,0,1,1,1
character,1,1,2,0,0,7,SetActive-,219,46793,1,10000000,15,9,1,0,1,1,1
character,1,1,2,0,0,8,BuildSide+,389,81761,1,10000000,15,9,1,0,1,1,1
character,1,1,2,0,0,9,BuildSide-,176,37107,1,10000000,15,9,1,0,1,1,1
character,1,1,2,0,0,10,newRoot+,71,15616,1,10000000,15,9,1,0,1,1,1
character,1,1,2,0,0,11,newRoot-,24,5315,1,10000000,15,9,1,0,1,1,1
character,1,1,3,3,0,0,buildtotal,783,165433,1,10000000,15,9,0,1,1,1,1
character,1,1,3,3,0,1,objects+,86,18311,1,10000000,15,9,0,1,1,1,1
character,1,1,3,3,0,2,objects-,218,46251,1,10000000,15,9,0,1,1,1,1
character,1,1,3,3,0,3,colliders+,143,30443,1,10000000,15,9,0,1,1,1,1
character,1,1,3,3,0,4,colliders-,107,23023,1,10000000,15,9,0,1,1,1,1
character,1,1,3,3,0,5,publishtotal,753,158690,1,10000000,15,9,0,1,1,1,1
character,1,1,3,3,0,6,SetActive+,414,87935,1,10000000,15,9,0,1,1,1,1
character,1,1,3,3,0,7,SetActive-,134,28657,1,10000000,15,9,0,1,1,1,1
character,1,1,3,3,0,8,BuildSide+,237,49788,1,10000000,15,9,0,1,1,1,1
character,1,1,3,3,0,9,BuildSide-,339,71441,1,10000000,15,9,0,1,1,1,1
character,1,1,3,3,0,10,newRoot+,26,5820,1,10000000,15,9,0,1,1,1,1
character,1,1,3,3,0,11,newRoot-,63,13933,1,10000000,15,9,0,1,1,1,1
character,1,2,0,2,0,0,buildtotal,882,186422,1,10000000,15,9,1,1,1,1,1
character,1,2,0,2,0,1,objects+,247,52225,1,10000000,15,9,1,1,1,1,1
character,1,2,0,2,0,2,objects-,93,19893,1,10000000,15,9,1,1,1,1,1
character,1,2,0,2,0,3,colliders+,172,36777,1,10000000,15,9,1,1,1,1,1
character,1,2,0,2,0,4,colliders-,101,21718,1,10000000,15,9,1,1,1,1,1
character,1,2,0,2,0,5,publishtotal,822,173485,1,10000000,15,9,1,1,1,1,1
character,1,2,0,2,0,6,SetActive+,455,96724,1,10000000,15,9,1,1,1,1,1
character,1,2,0,2,0,7,SetActive-,140,29900,1,10000000,15,9,1,1,1,1,1
character,1,2,0,2,0,8,BuildSide+,436,91743,1,10000000,15,9,1,1,1,1,1
character,1,2,0,2,0,9,BuildSide-,204,42930,1,10000000,15,9,1,1,1,1,1
character,1,2,0,2,0,10,newRoot+,88,18952,1,10000000,15,9,1,1,1,1,1
character,1,2,0,2,0,11,newRoot-,27,5839,1,10000000,15,9,1,1,1,1,1
character,1,2,1,3,0,0,buildtotal,1061,199169,1,10000000,15,9,0,1,1,1,1
character,1,2,1,3,0,1,objects+,249,27498,1,10000000,15,9,0,1,1,1,1
character,1,2,1,3,0,2,objects-,236,50159,1,10000000,15,9,0,1,1,1,1
character,1,2,1,3,0,3,colliders+,169,36197,1,10000000,15,9,0,1,1,1,1
character,1,2,1,3,0,4,colliders-,120,25717,1,10000000,15,9,0,1,1,1,1
character,1,2,1,3,0,5,publishtotal,824,173836,1,10000000,15,9,0,1,1,1,1
character,1,2,1,3,0,6,SetActive+,454,96288,1,10000000,15,9,0,1,1,1,1
character,1,2,1,3,0,7,SetActive-,136,29188,1,10000000,15,9,0,1,1,1,1
character,1,2,1,3,0,8,BuildSide+,428,64766,1,10000000,15,9,0,1,1,1,1
character,1,2,1,3,0,9,BuildSide-,375,78816,1,10000000,15,9,0,1,1,1,1
character,1,2,1,3,0,10,newRoot+,27,5915,1,10000000,15,9,0,1,1,1,1
character,1,2,1,3,0,11,newRoot-,74,15997,1,10000000,15,9,0,1,1,1,1
character,1,2,2,1,0,0,buildtotal,850,179631,1,10000000,15,9,0,0,1,1,1
character,1,2,2,1,0,1,objects+,99,21138,1,10000000,15,9,0,0,1,1,1
character,1,2,2,1,0,2,objects-,238,50435,1,10000000,15,9,0,0,1,1,1
character,1,2,2,1,0,3,colliders+,150,32083,1,10000000,15,9,0,0,1,1,1
character,1,2,2,1,0,4,colliders-,119,25451,1,10000000,15,9,0,0,1,1,1
character,1,2,2,1,0,5,publishtotal,795,167548,1,10000000,15,9,0,0,1,1,1
character,1,2,2,1,0,6,SetActive+,328,69675,1,10000000,15,9,0,0,1,1,1
character,1,2,2,1,0,7,SetActive-,241,51372,1,10000000,15,9,0,0,1,1,1
character,1,2,2,1,0,8,BuildSide+,258,54259,1,10000000,15,9,0,0,1,1,1
character,1,2,2,1,0,9,BuildSide-,372,78343,1,10000000,15,9,0,0,1,1,1
character,1,2,2,1,0,10,newRoot+,36,7879,1,10000000,15,9,0,0,1,1,1
character,1,2,2,1,0,11,newRoot-,74,16040,1,10000000,15,9,0,0,1,1,1
character,1,2,3,0,0,0,buildtotal,858,181237,1,10000000,15,9,1,0,1,1,1
character,1,2,3,0,0,1,objects+,256,54106,1,10000000,15,9,1,0,1,1,1
character,1,2,3,0,0,2,objects-,90,19324,1,10000000,15,9,1,0,1,1,1
character,1,2,3,0,0,3,colliders+,176,37559,1,10000000,15,9,1,0,1,1,1
character,1,2,3,0,0,4,colliders-,98,21081,1,10000000,15,9,1,0,1,1,1
character,1,2,3,0,0,5,publishtotal,782,165051,1,10000000,15,9,1,0,1,1,1
character,1,2,3,0,0,6,SetActive+,313,66470,1,10000000,15,9,1,0,1,1,1
character,1,2,3,0,0,7,SetActive-,239,50859,1,10000000,15,9,1,0,1,1,1
character,1,2,3,0,0,8,BuildSide+,450,94681,1,10000000,15,9,1,0,1,1,1
character,1,2,3,0,0,9,BuildSide-,198,41485,1,10000000,15,9,1,0,1,1,1
character,1,2,3,0,0,10,newRoot+,80,17442,1,10000000,15,9,1,0,1,1,1
character,1,2,3,0,0,11,newRoot-,30,6906,1,10000000,15,9,1,0,1,1,1
character,1,3,0,3,0,0,buildtotal,841,177510,1,10000000,15,9,0,1,1,1,1
character,1,3,0,3,0,1,objects+,93,19820,1,10000000,15,9,0,1,1,1,1
character,1,3,0,3,0,2,objects-,240,50824,1,10000000,15,9,0,1,1,1,1
character,1,3,0,3,0,3,colliders+,144,30875,1,10000000,15,9,0,1,1,1,1
character,1,3,0,3,0,4,colliders-,113,24275,1,10000000,15,9,0,1,1,1,1
character,1,3,0,3,0,5,publishtotal,803,169538,1,10000000,15,9,0,1,1,1,1
character,1,3,0,3,0,6,SetActive+,430,91203,1,10000000,15,9,0,1,1,1,1
character,1,3,0,3,0,7,SetActive-,134,28710,1,10000000,15,9,0,1,1,1,1
character,1,3,0,3,0,8,BuildSide+,246,51755,1,10000000,15,9,0,1,1,1,1
character,1,3,0,3,0,9,BuildSide-,375,79001,1,10000000,15,9,0,1,1,1,1
character,1,3,0,3,0,10,newRoot+,27,6162,1,10000000,15,9,0,1,1,1,1
character,1,3,0,3,0,11,newRoot-,77,16844,1,10000000,15,9,0,1,1,1,1
character,1,3,1,0,0,0,buildtotal,923,195618,1,10000000,15,9,1,0,1,1,1
character,1,3,1,0,0,1,objects+,233,49219,1,10000000,15,9,1,0,1,1,1
character,1,3,1,0,0,2,objects-,97,20832,1,10000000,15,9,1,0,1,1,1
character,1,3,1,0,0,3,colliders+,197,41930,1,10000000,15,9,1,0,1,1,1
character,1,3,1,0,0,4,colliders-,113,24253,1,10000000,15,9,1,0,1,1,1
character,1,3,1,0,0,5,publishtotal,1041,196448,1,10000000,15,9,1,0,1,1,1
character,1,3,1,0,0,6,SetActive+,504,84318,1,10000000,15,9,1,0,1,1,1
character,1,3,1,0,0,7,SetActive-,246,52517,1,10000000,15,9,1,0,1,1,1
character,1,3,1,0,0,8,BuildSide+,447,93868,1,10000000,15,9,1,0,1,1,1
character,1,3,1,0,0,9,BuildSide-,220,46163,1,10000000,15,9,1,0,1,1,1
character,1,3,1,0,0,10,newRoot+,76,16579,1,10000000,15,9,1,0,1,1,1
character,1,3,1,0,0,11,newRoot-,31,6781,1,10000000,15,9,1,0,1,1,1
character,1,3,2,2,0,0,buildtotal,824,174234,1,10000000,15,9,1,1,1,1,1
character,1,3,2,2,0,1,objects+,239,50665,1,10000000,15,9,1,1,1,1,1
character,1,3,2,2,0,2,objects-,87,18345,1,10000000,15,9,1,1,1,1,1
character,1,3,2,2,0,3,colliders+,172,36736,1,10000000,15,9,1,1,1,1,1
character,1,3,2,2,0,4,colliders-,94,20236,1,10000000,15,9,1,1,1,1,1
character,1,3,2,2,0,5,publishtotal,788,166226,1,10000000,15,9,1,1,1,1,1
character,1,3,2,2,0,6,SetActive+,423,90017,1,10000000,15,9,1,1,1,1,1
character,1,3,2,2,0,7,SetActive-,144,30833,1,10000000,15,9,1,1,1,1,1
character,1,3,2,2,0,8,BuildSide+,426,89783,1,10000000,15,9,1,1,1,1,1
character,1,3,2,2,0,9,BuildSide-,189,39651,1,10000000,15,9,1,1,1,1,1
character,1,3,2,2,0,10,newRoot+,72,15649,1,10000000,15,9,1,1,1,1,1
character,1,3,2,2,0,11,newRoot-,25,5551,1,10000000,15,9,1,1,1,1,1
character,1,3,3,1,0,0,buildtotal,776,164144,1,10000000,15,9,0,0,1,1,1
character,1,3,3,1,0,1,objects+,89,19053,1,10000000,15,9,0,0,1,1,1
character,1,3,3,1,0,2,objects-,205,43520,1,10000000,15,9,0,0,1,1,1
character,1,3,3,1,0,3,colliders+,150,31969,1,10000000,15,9,0,0,1,1,1
character,1,3,3,1,0,4,colliders-,112,24078,1,10000000,15,9,0,0,1,1,1
character,1,3,3,1,0,5,publishtotal,773,162916,1,10000000,15,9,0,0,1,1,1
character,1,3,3,1,0,6,SetActive+,315,66943,1,10000000,15,9,0,0,1,1,1
character,1,3,3,1,0,7,SetActive-,229,48952,1,10000000,15,9,0,0,1,1,1
character,1,3,3,1,0,8,BuildSide+,247,52093,1,10000000,15,9,0,0,1,1,1
character,1,3,3,1,0,9,BuildSide-,332,69731,1,10000000,15,9,0,0,1,1,1
character,1,3,3,1,0,10,newRoot+,25,5639,1,10000000,15,9,0,0,1,1,1
character,1,3,3,1,0,11,newRoot-,63,13780,1,10000000,15,9,0,0,1,1,1
character,1,4,0,0,0,0,buildtotal,783,165619,1,10000000,15,9,1,0,1,1,1
character,1,4,0,0,0,1,objects+,213,45233,1,10000000,15,9,1,0,1,1,1
character,1,4,0,0,0,2,objects-,91,19148,1,10000000,15,9,1,0,1,1,1
character,1,4,0,0,0,3,colliders+,169,35955,1,10000000,15,9,1,0,1,1,1
character,1,4,0,0,0,4,colliders-,92,19759,1,10000000,15,9,1,0,1,1,1
character,1,4,0,0,0,5,publishtotal,771,162660,1,10000000,15,9,1,0,1,1,1
character,1,4,0,0,0,6,SetActive+,332,70304,1,10000000,15,9,1,0,1,1,1
character,1,4,0,0,0,7,SetActive-,223,47555,1,10000000,15,9,1,0,1,1,1
character,1,4,0,0,0,8,BuildSide+,396,83390,1,10000000,15,9,1,0,1,1,1
character,1,4,0,0,0,9,BuildSide-,191,39986,1,10000000,15,9,1,0,1,1,1
character,1,4,0,0,0,10,newRoot+,69,14968,1,10000000,15,9,1,0,1,1,1
character,1,4,0,0,0,11,newRoot-,25,5706,1,10000000,15,9,1,0,1,1,1
character,1,4,1,1,0,0,buildtotal,771,163060,1,10000000,15,9,0,0,1,1,1
character,1,4,1,1,0,1,objects+,86,18415,1,10000000,15,9,0,0,1,1,1
character,1,4,1,1,0,2,objects-,195,41539,1,10000000,15,9,0,0,1,1,1
character,1,4,1,1,0,3,colliders+,151,32342,1,10000000,15,9,0,0,1,1,1
character,1,4,1,1,0,4,colliders-,104,22324,1,10000000,15,9,0,0,1,1,1
character,1,4,1,1,0,5,publishtotal,769,162263,1,10000000,15,9,0,0,1,1,1
character,1,4,1,1,0,6,SetActive+,328,69616,1,10000000,15,9,0,0,1,1,1
character,1,4,1,1,0,7,SetActive-,222,47320,1,10000000,15,9,0,0,1,1,1
character,1,4,1,1,0,8,BuildSide+,247,51829,1,10000000,15,9,0,0,1,1,1
character,1,4,1,1,0,9,BuildSide-,319,67273,1,10000000,15,9,0,0,1,1,1
character,1,4,1,1,0,10,newRoot+,24,5594,1,10000000,15,9,0,0,1,1,1
character,1,4,1,1,0,11,newRoot-,63,13784,1,10000000,15,9,0,0,1,1,1
character,1,4,2,3,0,0,buildtotal,1040,198903,1,10000000,15,9,0,1,1,1,1
character,1,4,2,3,0,1,objects+,92,19608,1,10000000,15,9,0,1,1,1,1
character,1,4,2,3,0,2,objects-,374,58801,1,10000000,15,9,0,1,1,1,1
character,1,4,2,3,0,3,colliders+,155,32998,1,10000000,15,9,0,1,1,1,1
character,1,4,2,3,0,4,colliders-,124,26671,1,10000000,15,9,0,1,1,1,1
character,1,4,2,3,0,5,publishtotal,850,179507,1,10000000,15,9,0,1,1,1,1
character,1,4,2,3,0,6,SetActive+,468,99232,1,10000000,15,9,0,1,1,1,1
character,1,4,2,3,0,7,SetActive-,145,30920,1,10000000,15,9,0,1,1,1,1
character,1,4,2,3,0,8,BuildSide+,255,53651,1,10000000,15,9,0,1,1,1,1
character,1,4,2,3,0,9,BuildSide-,515,88033,1,10000000,15,9,0,1,1,1,1
character,1,4,2,3,0,10,newRoot+,26,5838,1,10000000,15,9,0,1,1,1,1
character,1,4,2,3,0,11,newRoot-,68,14847,1,10000000,15,9,0,1,1,1,1
character,1,4,3,2,0,0,buildtotal,784,165555,1,10000000,15,9,1,1,1,1,1
character,1,4,3,2,0,1,objects+,221,47075,1,10000000,15,9,1,1,1,1,1
character,1,4,3,2,0,2,objects-,85,18080,1,10000000,15,9,1,1,1,1,1
character,1,4,3,2,0,3,colliders+,166,35470,1,10000000,15,9,1,1,1,1,1
character,1,4,3,2,0,4,colliders-,91,19554,1,10000000,15,9,1,1,1,1,1
character,1,4,3,2,0,5,publishtotal,780,164677,1,10000000,15,9,1,1,1,1,1
character,1,4,3,2,0,6,SetActive+,426,90616,1,10000000,15,9,1,1,1,1,1
character,1,4,3,2,0,7,SetActive-,137,29386,1,10000000,15,9,1,1,1,1,1
character,1,4,3,2,0,8,BuildSide+,402,84658,1,10000000,15,9,1,1,1,1,1
character,1,4,3,2,0,9,BuildSide-,185,38630,1,10000000,15,9,1,1,1,1,1
character,1,4,3,2,0,10,newRoot+,74,16003,1,10000000,15,9,1,1,1,1,1
character,1,4,3,2,0,11,newRoot-,24,5506,1,10000000,15,9,1,1,1,1,1
character,1,5,0,1,0,0,buildtotal,816,172057,1,10000000,15,9,0,0,1,1,1
character,1,5,0,1,0,1,objects+,84,17960,1,10000000,15,9,0,0,1,1,1
character,1,5,0,1,0,2,objects-,220,46640,1,10000000,15,9,0,0,1,1,1
character,1,5,0,1,0,3,colliders+,140,29692,1,10000000,15,9,0,0,1,1,1
character,1,5,0,1,0,4,colliders-,113,24194,1,10000000,15,9,0,0,1,1,1
character,1,5,0,1,0,5,publishtotal,739,155868,1,10000000,15,9,0,0,1,1,1
character,1,5,0,1,0,6,SetActive+,313,66458,1,10000000,15,9,0,0,1,1,1
character,1,5,0,1,0,7,SetActive-,224,47763,1,10000000,15,9,0,0,1,1,1
character,1,5,0,1,0,8,BuildSide+,232,48696,1,10000000,15,9,0,0,1,1,1
character,1,5,0,1,0,9,BuildSide-,356,74939,1,10000000,15,9,0,0,1,1,1
character,1,5,0,1,0,10,newRoot+,24,5308,1,10000000,15,9,0,0,1,1,1
character,1,5,0,1,0,11,newRoot-,65,14098,1,10000000,15,9,0,0,1,1,1
character,1,5,1,2,0,0,buildtotal,775,163652,1,10000000,15,9,1,1,1,1,1
character,1,5,1,2,0,1,objects+,209,44306,1,10000000,15,9,1,1,1,1,1
character,1,5,1,2,0,2,objects-,84,18080,1,10000000,15,9,1,1,1,1,1
character,1,5,1,2,0,3,colliders+,151,32397,1,10000000,15,9,1,1,1,1,1
character,1,5,1,2,0,4,colliders-,89,19032,1,10000000,15,9,1,1,1,1,1
character,1,5,1,2,0,5,publishtotal,944,172797,1,10000000,15,9,1,1,1,1,1
character,1,5,1,2,0,6,SetActive+,593,99502,1,10000000,15,9,1,1,1,1,1
character,1,5,1,2,0,7,SetActive-,142,30517,1,10000000,15,9,1,1,1,1,1
character,1,5,1,2,0,8,BuildSide+,375,78893,1,10000000,15,9,1,1,1,1,1
character,1,5,1,2,0,9,BuildSide-,182,38109,1,10000000,15,9,1,1,1,1,1
character,1,5,1,2,0,10,newRoot+,72,15812,1,10000000,15,9,1,1,1,1,1
character,1,5,1,2,0,11,newRoot-,22,4923,1,10000000,15,9,1,1,1,1,1
character,1,5,2,0,0,0,buildtotal,845,178615,1,10000000,15,9,1,0,1,1,1
character,1,5,2,0,0,1,objects+,233,49263,1,10000000,15,9,1,0,1,1,1
character,1,5,2,0,0,2,objects-,82,17508,1,10000000,15,9,1,0,1,1,1
character,1,5,2,0,0,3,colliders+,164,35006,1,10000000,15,9,1,0,1,1,1
character,1,5,2,0,0,4,colliders-,91,19554,1,10000000,15,9,1,0,1,1,1
character,1,5,2,0,0,5,publishtotal,764,161049,1,10000000,15,9,1,0,1,1,1
character,1,5,2,0,0,6,SetActive+,326,69188,1,10000000,15,9,1,0,1,1,1
character,1,5,2,0,0,7,SetActive-,229,48792,1,10000000,15,9,1,0,1,1,1
character,1,5,2,0,0,8,BuildSide+,415,87144,1,10000000,15,9,1,0,1,1,1
character,1,5,2,0,0,9,BuildSide-,181,38125,1,10000000,15,9,1,0,1,1,1
character,1,5,2,0,0,10,newRoot+,74,16111,1,10000000,15,9,1,0,1,1,1
character,1,5,2,0,0,11,newRoot-,25,5559,1,10000000,15,9,1,0,1,1,1
character,1,5,3,3,0,0,buildtotal,897,189554,1,10000000,15,9,0,1,1,1,1
character,1,5,3,3,0,1,objects+,82,17588,1,10000000,15,9,0,1,1,1,1
character,1,5,3,3,0,2,objects-,260,54720,1,10000000,15,9,0,1,1,1,1
character,1,5,3,3,0,3,colliders+,147,31307,1,10000000,15,9,0,1,1,1,1
character,1,5,3,3,0,4,colliders-,119,25343,1,10000000,15,9,0,1,1,1,1
character,1,5,3,3,0,5,publishtotal,886,186632,1,10000000,15,9,0,1,1,1,1
character,1,5,3,3,0,6,SetActive+,488,103706,1,10000000,15,9,0,1,1,1,1
character,1,5,3,3,0,7,SetActive-,152,32405,1,10000000,15,9,0,1,1,1,1
character,1,5,3,3,0,8,BuildSide+,238,49954,1,10000000,15,9,0,1,1,1,1
character,1,5,3,3,0,9,BuildSide-,396,83123,1,10000000,15,9,0,1,1,1,1
character,1,5,3,3,0,10,newRoot+,25,5521,1,10000000,15,9,0,1,1,1,1
character,1,5,3,3,0,11,newRoot-,85,18727,1,10000000,15,9,0,1,1,1,1
character,1,6,0,2,0,0,buildtotal,835,177275,1,10000000,15,9,1,1,1,1,1
character,1,6,0,2,0,1,objects+,225,47779,1,10000000,15,9,1,1,1,1,1
character,1,6,0,2,0,2,objects-,95,20302,1,10000000,15,9,1,1,1,1,1
character,1,6,0,2,0,3,colliders+,165,35289,1,10000000,15,9,1,1,1,1,1
character,1,6,0,2,0,4,colliders-,95,20529,1,10000000,15,9,1,1,1,1,1
character,1,6,0,2,0,5,publishtotal,812,171473,1,10000000,15,9,1,1,1,1,1
character,1,6,0,2,0,6,SetActive+,431,91479,1,10000000,15,9,1,1,1,1,1
character,1,6,0,2,0,7,SetActive-,149,31849,1,10000000,15,9,1,1,1,1,1
character,1,6,0,2,0,8,BuildSide+,406,85472,1,10000000,15,9,1,1,1,1,1
character,1,6,0,2,0,9,BuildSide-,200,41979,1,10000000,15,9,1,1,1,1,1
character,1,6,0,2,0,10,newRoot+,67,14695,1,10000000,15,9,1,1,1,1,1
character,1,6,0,2,0,11,newRoot-,25,5587,1,10000000,15,9,1,1,1,1,1
character,1,6,1,3,0,0,buildtotal,879,186001,1,10000000,15,9,0,1,1,1,1
character,1,6,1,3,0,1,objects+,91,19460,1,10000000,15,9,0,1,1,1,1
character,1,6,1,3,0,2,objects-,246,51978,1,10000000,15,9,0,1,1,1,1
character,1,6,1,3,0,3,colliders+,154,33033,1,10000000,15,9,0,1,1,1,1
character,1,6,1,3,0,4,colliders-,112,24081,1,10000000,15,9,0,1,1,1,1
character,1,6,1,3,0,5,publishtotal,865,182710,1,10000000,15,9,0,1,1,1,1
character,1,6,1,3,0,6,SetActive+,470,99703,1,10000000,15,9,0,1,1,1,1
character,1,6,1,3,0,7,SetActive-,154,32910,1,10000000,15,9,0,1,1,1,1
character,1,6,1,3,0,8,BuildSide+,255,53596,1,10000000,15,9,0,1,1,1,1
character,1,6,1,3,0,9,BuildSide-,373,78573,1,10000000,15,9,0,1,1,1,1
character,1,6,1,3,0,10,newRoot+,30,6578,1,10000000,15,9,0,1,1,1,1
character,1,6,1,3,0,11,newRoot-,72,15565,1,10000000,15,9,0,1,1,1,1
character,1,6,2,1,0,0,buildtotal,831,176112,1,10000000,15,9,0,0,1,1,1
character,1,6,2,1,0,1,objects+,88,18820,1,10000000,15,9,0,0,1,1,1
character,1,6,2,1,0,2,objects-,230,48565,1,10000000,15,9,0,0,1,1,1
character,1,6,2,1,0,3,colliders+,164,35049,1,10000000,15,9,0,0,1,1,1
character,1,6,2,1,0,4,colliders-,114,24545,1,10000000,15,9,0,0,1,1,1
character,1,6,2,1,0,5,publishtotal,792,166984,1,10000000,15,9,0,0,1,1,1
character,1,6,2,1,0,6,SetActive+,328,69823,1,10000000,15,9,0,0,1,1,1
character,1,6,2,1,0,7,SetActive-,240,51142,1,10000000,15,9,0,0,1,1,1
character,1,6,2,1,0,8,BuildSide+,262,54942,1,10000000,15,9,0,0,1,1,1
character,1,6,2,1,0,9,BuildSide-,359,75297,1,10000000,15,9,0,0,1,1,1
character,1,6,2,1,0,10,newRoot+,25,5598,1,10000000,15,9,0,0,1,1,1
character,1,6,2,1,0,11,newRoot-,77,16587,1,10000000,15,9,0,0,1,1,1
character,1,6,3,0,0,0,buildtotal,819,172893,1,10000000,15,9,1,0,1,1,1
character,1,6,3,0,0,1,objects+,223,47133,1,10000000,15,9,1,0,1,1,1
character,1,6,3,0,0,2,objects-,85,18254,1,10000000,15,9,1,0,1,1,1
character,1,6,3,0,0,3,colliders+,162,34591,1,10000000,15,9,1,0,1,1,1
character,1,6,3,0,0,4,colliders-,91,19621,1,10000000,15,9,1,0,1,1,1
character,1,6,3,0,0,5,publishtotal,759,160037,1,10000000,15,9,1,0,1,1,1
character,1,6,3,0,0,6,SetActive+,321,68306,1,10000000,15,9,1,0,1,1,1
character,1,6,3,0,0,7,SetActive-,232,49539,1,10000000,15,9,1,0,1,1,1
character,1,6,3,0,0,8,BuildSide+,404,84918,1,10000000,15,9,1,0,1,1,1
character,1,6,3,0,0,9,BuildSide-,185,38961,1,10000000,15,9,1,0,1,1,1
character,1,6,3,0,0,10,newRoot+,74,16194,1,10000000,15,9,1,0,1,1,1
character,1,6,3,0,0,11,newRoot-,25,5608,1,10000000,15,9,1,0,1,1,1
character,1,7,0,3,0,0,buildtotal,829,174895,1,10000000,15,9,0,1,1,1,1
character,1,7,0,3,0,1,objects+,89,18955,1,10000000,15,9,0,1,1,1,1
character,1,7,0,3,0,2,objects-,229,48276,1,10000000,15,9,0,1,1,1,1
character,1,7,0,3,0,3,colliders+,150,31949,1,10000000,15,9,0,1,1,1,1
character,1,7,0,3,0,4,colliders-,115,24552,1,10000000,15,9,0,1,1,1,1
character,1,7,0,3,0,5,publishtotal,870,183478,1,10000000,15,9,0,1,1,1,1
character,1,7,0,3,0,6,SetActive+,474,100625,1,10000000,15,9,0,1,1,1,1
character,1,7,0,3,0,7,SetActive-,146,31185,1,10000000,15,9,0,1,1,1,1
character,1,7,0,3,0,8,BuildSide+,248,52131,1,10000000,15,9,0,1,1,1,1
character,1,7,0,3,0,9,BuildSide-,356,74867,1,10000000,15,9,0,1,1,1,1
character,1,7,0,3,0,10,newRoot+,30,6682,1,10000000,15,9,0,1,1,1,1
character,1,7,0,3,0,11,newRoot-,77,16549,1,10000000,15,9,0,1,1,1,1
character,1,7,1,0,0,0,buildtotal,788,166603,1,10000000,15,9,1,0,1,1,1
character,1,7,1,0,0,1,objects+,214,45503,1,10000000,15,9,1,0,1,1,1
character,1,7,1,0,0,2,objects-,84,17687,1,10000000,15,9,1,0,1,1,1
character,1,7,1,0,0,3,colliders+,164,35092,1,10000000,15,9,1,0,1,1,1
character,1,7,1,0,0,4,colliders-,93,20156,1,10000000,15,9,1,0,1,1,1
character,1,7,1,0,0,5,publishtotal,783,165052,1,10000000,15,9,1,0,1,1,1
character,1,7,1,0,0,6,SetActive+,319,68003,1,10000000,15,9,1,0,1,1,1
character,1,7,1,0,0,7,SetActive-,227,48391,1,10000000,15,9,1,0,1,1,1
character,1,7,1,0,0,8,BuildSide+,395,83131,1,10000000,15,9,1,0,1,1,1
character,1,7,1,0,0,9,BuildSide-,186,39054,1,10000000,15,9,1,0,1,1,1
character,1,7,1,0,0,10,newRoot+,67,14541,1,10000000,15,9,1,0,1,1,1
character,1,7,1,0,0,11,newRoot-,22,5018,1,10000000,15,9,1,0,1,1,1
character,1,7,2,2,0,0,buildtotal,774,163519,1,10000000,15,9,1,1,1,1,1
character,1,7,2,2,0,1,objects+,208,44243,1,10000000,15,9,1,1,1,1,1
character,1,7,2,2,0,2,objects-,89,18796,1,10000000,15,9,1,1,1,1,1
character,1,7,2,2,0,3,colliders+,160,34165,1,10000000,15,9,1,1,1,1,1
character,1,7,2,2,0,4,colliders-,91,19554,1,10000000,15,9,1,1,1,1,1
character,1,7,2,2,0,5,publishtotal,756,159586,1,10000000,15,9,1,1,1,1,1
character,1,7,2,2,0,6,SetActive+,406,86126,1,10000000,15,9,1,1,1,1,1
character,1,7,2,2,0,7,SetActive-,128,27439,1,10000000,15,9,1,1,1,1,1
character,1,7,2,2,0,8,BuildSide+,383,80531,1,10000000,15,9,1,1,1,1,1
character,1,7,2,2,0,9,BuildSide-,187,39348,1,10000000,15,9,1,1,1,1,1
character,1,7,2,2,0,10,newRoot+,68,14780,1,10000000,15,9,1,1,1,1,1
character,1,7,2,2,0,11,newRoot-,25,5521,1,10000000,15,9,1,1,1,1,1
character,1,7,3,1,0,0,buildtotal,883,186201,1,10000000,15,9,0,0,1,1,1
character,1,7,3,1,0,1,objects+,94,19900,1,10000000,15,9,0,0,1,1,1
character,1,7,3,1,0,2,objects-,251,53135,1,10000000,15,9,0,0,1,1,1
character,1,7,3,1,0,3,colliders+,153,32776,1,10000000,15,9,0,0,1,1,1
character,1,7,3,1,0,4,colliders-,121,25868,1,10000000,15,9,0,0,1,1,1
character,1,7,3,1,0,5,publishtotal,797,168230,1,10000000,15,9,0,0,1,1,1
character,1,7,3,1,0,6,SetActive+,340,72148,1,10000000,15,9,0,0,1,1,1
character,1,7,3,1,0,7,SetActive-,233,49695,1,10000000,15,9,0,0,1,1,1
character,1,7,3,1,0,8,BuildSide+,255,53724,1,10000000,15,9,0,0,1,1,1
character,1,7,3,1,0,9,BuildSide-,391,82372,1,10000000,15,9,0,0,1,1,1
character,1,7,3,1,0,10,newRoot+,25,5614,1,10000000,15,9,0,0,1,1,1
character,1,7,3,1,0,11,newRoot-,78,17763,1,10000000,15,9,0,0,1,1,1
