run,backend,source_fingerprint,probe_schema,case,phase,stage,metric,order_kind,mode_before,mode_after,positive_minus_negative_before,positive_minus_negative_after,first_minus_second_before,first_minus_second_after,side_difference_sign_reverses,ordinal_difference_sign_agrees
player00-66233b83,IL2CPP,ac74cac748fd6e6ebd6d35c6cdd90d5b116a231b61a1104ebdec526eee938e26,newRoot,box,warmup,objects,elapsed_us,build,0,1,14.8,-5.800000000000001,14.8,5.800000000000001,True,True
player00-66233b83,IL2CPP,ac74cac748fd6e6ebd6d35c6cdd90d5b116a231b61a1104ebdec526eee938e26,newRoot,box,warmup,objects,thread_cycles,build,0,1,31284.0,-12546.0,31284.0,12546.0,True,True
player00-66233b83,IL2CPP,ac74cac748fd6e6ebd6d35c6cdd90d5b116a231b61a1104ebdec526eee938e26,newRoot,box,warmup,objects,elapsed_us,build,2,3,11.4,-9.3,11.4,9.3,True,True
player00-66233b83,IL2CPP,ac74cac748fd6e6ebd6d35c6cdd90d5b116a231b61a1104ebdec526eee938e26,newRoot,box,warmup,objects,thread_cycles,build,2,3,24110.0,-19633.0,24110.0,19633.0,True,True
player00-66233b83,IL2CPP,ac74cac748fd6e6ebd6d35c6cdd90d5b116a231b61a1104ebdec526eee938e26,newRoot,box,warmup,colliders,elapsed_us,build,0,1,2.4000000000000004,-0.8,2.4000000000000004,0.8,True,True
player00-66233b83,IL2CPP,ac74cac748fd6e6ebd6d35c6cdd90d5b116a231b61a1104ebdec526eee938e26,newRoot,box,warmup,colliders,thread_cycles,build,0,1,5039.0,-1824.0,5039.0,1824.0,True,True
player00-66233b83,IL2CPP,ac74cac748fd6e6ebd6d35c6cdd90d5b116a231b61a1104ebdec526eee938e26,newRoot,box,warmup,colliders,elapsed_us,build,2,3,0.8,-0.9,0.8,0.9,True,True
player00-66233b83,IL2CPP,ac74cac748fd6e6ebd6d35c6cdd90d5b116a231b61a1104ebdec526eee938e26,newRoot,box,warmup,colliders,thread_cycles,build,2,3,1756.0,-1856.0,1756.0,1856.0,True,True
player00-66233b83,IL2CPP,ac74cac748fd6e6ebd6d35c6cdd90d5b116a231b61a1104ebdec526eee938e26,newRoot,box,warmup,BuildSide,elapsed_us,build,0,1,17.900000000000002,-7.0,17.900000000000002,7.0,True,True
player00-66233b83,IL2CPP,ac74cac748fd6e6ebd6d35c6cdd90d5b116a231b61a1104ebdec526eee938e26,newRoot,box,warmup,BuildSide,thread_cycles,build,0,1,37399.0,-15006.0,37399.0,15006.0,True,True
player00-66233b83,IL2CPP,ac74cac748fd6e6ebd6d35c6cdd90d5b116a231b61a1104ebdec526eee938e26,newRoot,box,warmup,BuildSide,elapsed_us,build,2,3,13.4,-10.9,13.4,10.9,True,True
player00-66233b83,IL2CPP,ac74cac748fd6e6ebd6d35c6cdd90d5b116a231b61a1104ebdec526eee938e26,newRoot,box,warmup,BuildSide,thread_cycles,build,2,3,28280.0,-22946.0,28280.0,22946.0,True,True
player00-66233b83,IL2CPP,ac74cac748fd6e6ebd6d35c6cdd90d5b116a231b61a1104ebdec526eee938e26,newRoot,box,warmup,SetActive,elapsed_us,activation,0,2,0.6000000000000001,15.9,-0.6000000000000001,15.9,False,False
player00-66233b83,IL2CPP,ac74cac748fd6e6ebd6d35c6cdd90d5b116a231b61a1104ebdec526eee938e26,newRoot,box,warmup,SetActive,thread_cycles,activation,0,2,1581.0,33490.0,-1581.0,33490.0,False,False
player00-66233b83,IL2CPP,ac74cac748fd6e6ebd6d35c6cdd90d5b116a231b61a1104ebdec526eee938e26,newRoot,box,warmup,SetActive,elapsed_us,activation,1,3,2.5,14.200000000000001,-2.5,14.200000000000001,False,False
player00-66233b83,IL2CPP,ac74cac748fd6e6ebd6d35c6cdd90d5b116a231b61a1104ebdec526eee938e26,newRoot,box,warmup,SetActive,thread_cycles,activation,1,3,5223.0,30103.0,-5223.0,30103.0,False,False
player00-66233b83,IL2CPP,ac74cac748fd6e6ebd6d35c6cdd90d5b116a231b61a1104ebdec526eee938e26,newRoot,box,warmup,newRoot,elapsed_us,build,0,1,6.0,-1.8,6.0,1.8,True,True
player00-66233b83,IL2CPP,ac74cac748fd6e6ebd6d35c6cdd90d5b116a231b61a1104ebdec526eee938e26,newRoot,box,warmup,newRoot,thread_cycles,build,0,1,12746.0,-3713.0,12746.0,3713.0,True,True
player00-66233b83,IL2CPP,ac74cac748fd6e6ebd6d35c6cdd90d5b116a231b61a1104ebdec526eee938e26,newRoot,box,warmup,newRoot,elapsed_us,build,2,3,3.9000000000000004,-2.3000000000000003,3.9000000000000004,2.3000000000000003,True,True
player00-66233b83,IL2CPP,ac74cac748fd6e6ebd6d35c6cdd90d5b116a231b61a1104ebdec526eee938e26,newRoot,box,warmup,newRoot,thread_cycles,build,2,3,8394.0,-4810.0,8394.0,4810.0,True,True
player00-66233b83,IL2CPP,ac74cac748fd6e6ebd6d35c6cdd90d5b116a231b61a1104ebdec526eee938e26,newRoot,box,measured,objects,elapsed_us,build,0,1,9.75,-8.75,9.75,8.75,True,True
player00-66233b83,IL2CPP,ac74cac748fd6e6ebd6d35c6cdd90d5b116a231b61a1104ebdec526eee938e26,newRoot,box,measured,objects,thread_cycles,build,0,1,20699.0,-18371.0,20699.0,18371.0,True,True
player00-66233b83,IL2CPP,ac74cac748fd6e6ebd6d35c6cdd90d5b116a231b61a1104ebdec526eee938e26,newRoot,box,measured,objects,elapsed_us,build,2,3,9.950000000000001,-9.700000000000001,9.950000000000001,9.700000000000001,True,True
player00-66233b83,IL2CPP,ac74cac748fd6e6ebd6d35c6cdd90d5b116a231b61a1104ebdec526eee938e26,newRoot,box,measured,objects,thread_cycles,build,2,3,21053.0,-20490.0,21053.0,20490.0,True,True
player00-66233b83,IL2CPP,ac74cac748fd6e6ebd6d35c6cdd90d5b116a231b61a1104ebdec526eee938e26,newRoot,box,measured,colliders,elapsed_us,build,0,1,1.05,-1.1,1.05,1.1,True,True
player00-66233b83,IL2CPP,ac74cac748fd6e6ebd6d35c6cdd90d5b116a231b61a1104ebdec526eee938e26,newRoot,box,measured,colliders,thread_cycles,build,0,1,2294.0,-2484.5,2294.0,2484.5,True,True
player00-66233b83,IL2CPP,ac74cac748fd6e6ebd6d35c6cdd90d5b116a231b61a1104ebdec526eee938e26,newRoot,box,measured,colliders,elapsed_us,build,2,3,1.1,-1.0,1.1,1.0,True,True
player00-66233b83,IL2CPP,ac74cac748fd6e6ebd6d35c6cdd90d5b116a231b61a1104ebdec526eee938e26,newRoot,box,measured,colliders,thread_cycles,build,2,3,2290.5,-2207.0,2290.5,2207.0,True,True
player00-66233b83,IL2CPP,ac74cac748fd6e6ebd6d35c6cdd90d5b116a231b61a1104ebdec526eee938e26,newRoot,box,measured,BuildSide,elapsed_us,build,0,1,11.7,-10.5,11.7,10.5,True,True
player00-66233b83,IL2CPP,ac74cac748fd6e6ebd6d35c6cdd90d5b116a231b61a1104ebdec526eee938e26,newRoot,box,measured,BuildSide,thread_cycles,build,0,1,24727.5,-22203.0,24727.5,22203.0,True,True
player00-66233b83,IL2CPP,ac74cac748fd6e6ebd6d35c6cdd90d5b116a231b61a1104ebdec526eee938e26,newRoot,box,measured,BuildSide,elapsed_us,build,2,3,12.0,-12.0,12.0,12.0,True,True
player00-66233b83,IL2CPP,ac74cac748fd6e6ebd6d35c6cdd90d5b116a231b61a1104ebdec526eee938e26,newRoot,box,measured,BuildSide,thread_cycles,build,2,3,25327.0,-25286.5,25327.0,25286.5,True,True
player00-66233b83,IL2CPP,ac74cac748fd6e6ebd6d35c6cdd90d5b116a231b61a1104ebdec526eee938e26,newRoot,box,measured,SetActive,elapsed_us,activation,0,2,4.1,15.950000000000001,-4.1,15.950000000000001,False,False
player00-66233b83,IL2CPP,ac74cac748fd6e6ebd6d35c6cdd90d5b116a231b61a1104ebdec526eee938e26,newRoot,box,measured,SetActive,thread_cycles,activation,0,2,8485.5,33736.5,-8485.5,33736.5,False,False
player00-66233b83,IL2CPP,ac74cac748fd6e6ebd6d35c6cdd90d5b116a231b61a1104ebdec526eee938e26,newRoot,box,measured,SetActive,elapsed_us,activation,1,3,3.1500000000000004,16.450000000000003,-3.1500000000000004,16.450000000000003,False,False
player00-66233b83,IL2CPP,ac74cac748fd6e6ebd6d35c6cdd90d5b116a231b61a1104ebdec526eee938e26,newRoot,box,measured,SetActive,thread_cycles,activation,1,3,6691.0,34747.0,-6691.0,34747.0,False,False
player00-66233b83,IL2CPP,ac74cac748fd6e6ebd6d35c6cdd90d5b116a231b61a1104ebdec526eee938e26,newRoot,box,measured,newRoot,elapsed_us,build,0,1,3.05,-2.05,3.05,2.05,True,True
player00-66233b83,IL2CPP,ac74cac748fd6e6ebd6d35c6cdd90d5b116a231b61a1104ebdec526eee938e26,newRoot,box,measured,newRoot,thread_cycles,build,0,1,6556.0,-4431.0,6556.0,4431.0,True,True
player00-66233b83,IL2CPP,ac74cac748fd6e6ebd6d35c6cdd90d5b116a231b61a1104ebdec526eee938e26,newRoot,box,measured,newRoot,elapsed_us,build,2,3,2.6500000000000004,-2.5500000000000003,2.6500000000000004,2.5500000000000003,True,True
player00-66233b83,IL2CPP,ac74cac748fd6e6ebd6d35c6cdd90d5b116a231b61a1104ebdec526eee938e26,newRoot,box,measured,newRoot,thread_cycles,build,2,3,5704.0,-5365.5,5704.0,5365.5,True,True
player00-66233b83,IL2CPP,ac74cac748fd6e6ebd6d35c6cdd90d5b116a231b61a1104ebdec526eee938e26,newRoot,character,warmup,objects,elapsed_us,build,0,1,35.9,-7.6000000000000005,35.9,7.6000000000000005,True,True
player00-66233b83,IL2CPP,ac74cac748fd6e6ebd6d35c6cdd90d5b116a231b61a1104ebdec526eee938e26,newRoot,character,warmup,objects,thread_cycles,build,0,1,69734.0,-16184.0,69734.0,16184.0,True,True
player00-66233b83,IL2CPP,ac74cac748fd6e6ebd6d35c6cdd90d5b116a231b61a1104ebdec526eee938e26,newRoot,character,warmup,objects,elapsed_us,build,2,3,10.4,-8.1,10.4,8.1,True,True
player00-66233b83,IL2CPP,ac74cac748fd6e6ebd6d35c6cdd90d5b116a231b61a1104ebdec526eee938e26,newRoot,character,warmup,objects,thread_cycles,build,2,3,22004.0,-17053.0,22004.0,17053.0,True,True
player00-66233b83,IL2CPP,ac74cac748fd6e6ebd6d35c6cdd90d5b116a231b61a1104ebdec526eee938e26,newRoot,character,warmup,colliders,elapsed_us,build,0,1,9.600000000000001,4.1000000000000005,9.600000000000001,-4.1000000000000005,False,False
player00-66233b83,IL2CPP,ac74cac748fd6e6ebd6d35c6cdd90d5b116a231b61a1104ebdec526eee938e26,newRoot,character,warmup,colliders,thread_cycles,build,0,1,20403.0,8749.0,20403.0,-8749.0,False,False
player00-66233b83,IL2CPP,ac74cac748fd6e6ebd6d35c6cdd90d5b116a231b61a1104ebdec526eee938e26,newRoot,character,warmup,colliders,elapsed_us,build,2,3,5.5,4.5,5.5,-4.5,False,False
player00-66233b83,IL2CPP,ac74cac748fd6e6ebd6d35c6cdd90d5b116a231b61a1104ebdec526eee938e26,newRoot,character,warmup,colliders,thread_cycles,build,2,3,11710.0,9557.0,11710.0,-9557.0,False,False
player00-66233b83,IL2CPP,ac74cac748fd6e6ebd6d35c6cdd90d5b116a231b61a1104ebdec526eee938e26,newRoot,character,warmup,BuildSide,elapsed_us,build,0,1,46.6,-3.8000000000000003,46.6,3.8000000000000003,True,True
player00-66233b83,IL2CPP,ac74cac748fd6e6ebd6d35c6cdd90d5b116a231b61a1104ebdec526eee938e26,newRoot,character,warmup,BuildSide,thread_cycles,build,0,1,91778.0,-7915.0,91778.0,7915.0,True,True
player00-66233b83,IL2CPP,ac74cac748fd6e6ebd6d35c6cdd90d5b116a231b61a1104ebdec526eee938e26,newRoot,character,warmup,BuildSide,elapsed_us,build,2,3,16.400000000000002,-4.0,16.400000000000002,4.0,True,True
player00-66233b83,IL2CPP,ac74cac748fd6e6ebd6d35c6cdd90d5b116a231b61a1104ebdec526eee938e26,newRoot,character,warmup,BuildSide,thread_cycles,build,2,3,34741.0,-8437.0,34741.0,8437.0,True,True
player00-66233b83,IL2CPP,ac74cac748fd6e6ebd6d35c6cdd90d5b116a231b61a1104ebdec526eee938e26,newRoot,character,warmup,SetActive,elapsed_us,activation,0,2,9.0,21.400000000000002,-9.0,21.400000000000002,False,False
player00-66233b83,IL2CPP,ac74cac748fd6e6ebd6d35c6cdd90d5b116a231b61a1104ebdec526eee938e26,newRoot,character,warmup,SetActive,thread_cycles,activation,0,2,18804.0,45290.0,-18804.0,45290.0,False,False
player00-66233b83,IL2CPP,ac74cac748fd6e6ebd6d35c6cdd90d5b116a231b61a1104ebdec526eee938e26,newRoot,character,warmup,SetActive,elapsed_us,activation,1,3,10.5,22.8,-10.5,22.8,False,False
player00-66233b83,IL2CPP,ac74cac748fd6e6ebd6d35c6cdd90d5b116a231b61a1104ebdec526eee938e26,newRoot,character,warmup,SetActive,thread_cycles,activation,1,3,21920.0,48117.0,-21920.0,48117.0,False,False
player00-66233b83,IL2CPP,ac74cac748fd6e6ebd6d35c6cdd90d5b116a231b61a1104ebdec526eee938e26,newRoot,character,warmup,newRoot,elapsed_us,build,0,1,4.1000000000000005,-2.4000000000000004,4.1000000000000005,2.4000000000000004,True,True
player00-66233b83,IL2CPP,ac74cac748fd6e6ebd6d35c6cdd90d5b116a231b61a1104ebdec526eee938e26,newRoot,character,warmup,newRoot,thread_cycles,build,0,1,8714.0,-5302.0,8714.0,5302.0,True,True
player00-66233b83,IL2CPP,ac74cac748fd6e6ebd6d35c6cdd90d5b116a231b61a1104ebdec526eee938e26,newRoot,character,warmup,newRoot,elapsed_us,build,2,3,2.5,-2.5,2.5,2.5,True,True
player00-66233b83,IL2CPP,ac74cac748fd6e6ebd6d35c6cdd90d5b116a231b61a1104ebdec526eee938e26,newRoot,character,warmup,newRoot,thread_cycles,build,2,3,5400.0,-5587.0,5400.0,5587.0,True,True
player00-66233b83,IL2CPP,ac74cac748fd6e6ebd6d35c6cdd90d5b116a231b61a1104ebdec526eee938e26,newRoot,character,measured,objects,elapsed_us,build,0,1,9.75,-10.8,9.75,10.8,True,True
player00-66233b83,IL2CPP,ac74cac748fd6e6ebd6d35c6cdd90d5b116a231b61a1104ebdec526eee938e26,newRoot,character,measured,objects,thread_cycles,build,0,1,20538.0,-22844.0,20538.0,22844.0,True,True
player00-66233b83,IL2CPP,ac74cac748fd6e6ebd6d35c6cdd90d5b116a231b61a1104ebdec526eee938e26,newRoot,character,measured,objects,elapsed_us,build,2,3,9.350000000000001,-9.5,9.350000000000001,9.5,True,True
player00-66233b83,IL2CPP,ac74cac748fd6e6ebd6d35c6cdd90d5b116a231b61a1104ebdec526eee938e26,newRoot,character,measured,objects,thread_cycles,build,2,3,19697.0,-19866.5,19697.0,19866.5,True,True
player00-66233b83,IL2CPP,ac74cac748fd6e6ebd6d35c6cdd90d5b116a231b61a1104ebdec526eee938e26,newRoot,character,measured,colliders,elapsed_us,build,0,1,6.0,2.75,6.0,-2.75,False,False
player00-66233b83,IL2CPP,ac74cac748fd6e6ebd6d35c6cdd90d5b116a231b61a1104ebdec526eee938e26,newRoot,character,measured,colliders,thread_cycles,build,0,1,12571.0,5815.5,12571.0,-5815.5,False,False
player00-66233b83,IL2CPP,ac74cac748fd6e6ebd6d35c6cdd90d5b116a231b61a1104ebdec526eee938e26,newRoot,character,measured,colliders,elapsed_us,build,2,3,5.9,2.8500000000000005,5.9,-2.8500000000000005,False,False
player00-66233b83,IL2CPP,ac74cac748fd6e6ebd6d35c6cdd90d5b116a231b61a1104ebdec526eee938e26,newRoot,character,measured,colliders,thread_cycles,build,2,3,12560.0,5980.0,12560.0,-5980.0,False,False
player00-66233b83,IL2CPP,ac74cac748fd6e6ebd6d35c6cdd90d5b116a231b61a1104ebdec526eee938e26,newRoot,character,measured,BuildSide,elapsed_us,build,0,1,15.9,-8.350000000000001,15.9,8.350000000000001,True,True
player00-66233b83,IL2CPP,ac74cac748fd6e6ebd6d35c6cdd90d5b116a231b61a1104ebdec526eee938e26,newRoot,character,measured,BuildSide,thread_cycles,build,0,1,33487.0,-17790.5,33487.0,17790.5,True,True
player00-66233b83,IL2CPP,ac74cac748fd6e6ebd6d35c6cdd90d5b116a231b61a1104ebdec526eee938e26,newRoot,character,measured,BuildSide,elapsed_us,build,2,3,16.25,-7.700000000000001,16.25,7.700000000000001,True,True
player00-66233b83,IL2CPP,ac74cac748fd6e6ebd6d35c6cdd90d5b116a231b61a1104ebdec526eee938e26,newRoot,character,measured,BuildSide,thread_cycles,build,2,3,34281.0,-16238.0,34281.0,16238.0,True,True
player00-66233b83,IL2CPP,ac74cac748fd6e6ebd6d35c6cdd90d5b116a231b61a1104ebdec526eee938e26,newRoot,character,measured,SetActive,elapsed_us,activation,0,2,9.15,22.050000000000004,-9.15,22.050000000000004,False,False
player00-66233b83,IL2CPP,ac74cac748fd6e6ebd6d35c6cdd90d5b116a231b61a1104ebdec526eee938e26,newRoot,character,measured,SetActive,thread_cycles,activation,0,2,19326.0,46628.5,-19326.0,46628.5,False,False
player00-66233b83,IL2CPP,ac74cac748fd6e6ebd6d35c6cdd90d5b116a231b61a1104ebdec526eee938e26,newRoot,character,measured,SetActive,elapsed_us,activation,1,3,9.25,22.150000000000002,-9.25,22.150000000000002,False,False
player00-66233b83,IL2CPP,ac74cac748fd6e6ebd6d35c6cdd90d5b116a231b61a1104ebdec526eee938e26,newRoot,character,measured,SetActive,thread_cycles,activation,1,3,19542.5,46878.0,-19542.5,46878.0,False,False
player00-66233b83,IL2CPP,ac74cac748fd6e6ebd6d35c6cdd90d5b116a231b61a1104ebdec526eee938e26,newRoot,character,measured,newRoot,elapsed_us,build,0,1,2.9000000000000004,-2.9000000000000004,2.9000000000000004,2.9000000000000004,True,True
player00-66233b83,IL2CPP,ac74cac748fd6e6ebd6d35c6cdd90d5b116a231b61a1104ebdec526eee938e26,newRoot,character,measured,newRoot,thread_cycles,build,0,1,6113.0,-6226.5,6113.0,6226.5,True,True
player00-66233b83,IL2CPP,ac74cac748fd6e6ebd6d35c6cdd90d5b116a231b61a1104ebdec526eee938e26,newRoot,character,measured,newRoot,elapsed_us,build,2,3,2.4000000000000004,-2.6500000000000004,2.4000000000000004,2.6500000000000004,True,True
player00-66233b83,IL2CPP,ac74cac748fd6e6ebd6d35c6cdd90d5b116a231b61a1104ebdec526eee938e26,newRoot,character,measured,newRoot,thread_cycles,build,2,3,5372.5,-5777.0,5372.5,5777.0,True,True
player01-a923265f,IL2CPP,ac74cac748fd6e6ebd6d35c6cdd90d5b116a231b61a1104ebdec526eee938e26,newRoot,box,warmup,objects,elapsed_us,build,0,1,9.200000000000001,-8.200000000000001,9.200000000000001,8.200000000000001,True,True
player01-a923265f,IL2CPP,ac74cac748fd6e6ebd6d35c6cdd90d5b116a231b61a1104ebdec526eee938e26,newRoot,box,warmup,objects,thread_cycles,build,0,1,19498.0,-17315.0,19498.0,17315.0,True,True
player01-a923265f,IL2CPP,ac74cac748fd6e6ebd6d35c6cdd90d5b116a231b61a1104ebdec526eee938e26,newRoot,box,warmup,objects,elapsed_us,build,2,3,8.8,-9.8,8.8,9.8,True,True
player01-a923265f,IL2CPP,ac74cac748fd6e6ebd6d35c6cdd90d5b116a231b61a1104ebdec526eee938e26,newRoot,box,warmup,objects,thread_cycles,build,2,3,18719.0,-20671.0,18719.0,20671.0,True,True
player01-a923265f,IL2CPP,ac74cac748fd6e6ebd6d35c6cdd90d5b116a231b61a1104ebdec526eee938e26,newRoot,box,warmup,colliders,elapsed_us,build,0,1,0.9,-0.8,0.9,0.8,True,True
player01-a923265f,IL2CPP,ac74cac748fd6e6ebd6d35c6cdd90d5b116a231b61a1104ebdec526eee938e26,newRoot,box,warmup,colliders,thread_cycles,build,0,1,1801.0,-1978.0,1801.0,1978.0,True,True
player01-a923265f,IL2CPP,ac74cac748fd6e6ebd6d35c6cdd90d5b116a231b61a1104ebdec526eee938e26,newRoot,box,warmup,colliders,elapsed_us,build,2,3,1.4000000000000001,-1.0,1.4000000000000001,1.0,True,True
player01-a923265f,IL2CPP,ac74cac748fd6e6ebd6d35c6cdd90d5b116a231b61a1104ebdec526eee938e26,newRoot,box,warmup,colliders,thread_cycles,build,2,3,3070.0,-2047.0,3070.0,2047.0,True,True
player01-a923265f,IL2CPP,ac74cac748fd6e6ebd6d35c6cdd90d5b116a231b61a1104ebdec526eee938e26,newRoot,box,warmup,BuildSide,elapsed_us,build,0,1,10.8,-9.600000000000001,10.8,9.600000000000001,True,True
player01-a923265f,IL2CPP,ac74cac748fd6e6ebd6d35c6cdd90d5b116a231b61a1104ebdec526eee938e26,newRoot,box,warmup,BuildSide,thread_cycles,build,0,1,22638.0,-20234.0,22638.0,20234.0,True,True
player01-a923265f,IL2CPP,ac74cac748fd6e6ebd6d35c6cdd90d5b116a231b61a1104ebdec526eee938e26,newRoot,box,warmup,BuildSide,elapsed_us,build,2,3,10.8,-11.600000000000001,10.8,11.600000000000001,True,True
player01-a923265f,IL2CPP,ac74cac748fd6e6ebd6d35c6cdd90d5b116a231b61a1104ebdec526eee938e26,newRoot,box,warmup,BuildSide,thread_cycles,build,2,3,22860.0,-24398.0,22860.0,24398.0,True,True
player01-a923265f,IL2CPP,ac74cac748fd6e6ebd6d35c6cdd90d5b116a231b61a1104ebdec526eee938e26,newRoot,box,warmup,SetActive,elapsed_us,activation,0,2,3.0,15.0,-3.0,15.0,False,False
player01-a923265f,IL2CPP,ac74cac748fd6e6ebd6d35c6cdd90d5b116a231b61a1104ebdec526eee938e26,newRoot,box,warmup,SetActive,thread_cycles,activation,0,2,6503.0,31750.0,-6503.0,31750.0,False,False
player01-a923265f,IL2CPP,ac74cac748fd6e6ebd6d35c6cdd90d5b116a231b61a1104ebdec526eee938e26,newRoot,box,warmup,SetActive,elapsed_us,activation,1,3,3.5,17.2,-3.5,17.2,False,False
player01-a923265f,IL2CPP,ac74cac748fd6e6ebd6d35c6cdd90d5b116a231b61a1104ebdec526eee938e26,newRoot,box,warmup,SetActive,thread_cycles,activation,1,3,7237.0,36304.0,-7237.0,36304.0,False,False
player01-a923265f,IL2CPP,ac74cac748fd6e6ebd6d35c6cdd90d5b116a231b61a1104ebdec526eee938e26,newRoot,box,warmup,newRoot,elapsed_us,build,0,1,2.4000000000000004,-2.2,2.4000000000000004,2.2,True,True
player01-a923265f,IL2CPP,ac74cac748fd6e6ebd6d35c6cdd90d5b116a231b61a1104ebdec526eee938e26,newRoot,box,warmup,newRoot,thread_cycles,build,0,1,5150.0,-4839.0,5150.0,4839.0,True,True
player01-a923265f,IL2CPP,ac74cac748fd6e6ebd6d35c6cdd90d5b116a231b61a1104ebdec526eee938e26,newRoot,box,warmup,newRoot,elapsed_us,build,2,3,2.6,-2.9000000000000004,2.6,2.9000000000000004,True,True
player01-a923265f,IL2CPP,ac74cac748fd6e6ebd6d35c6cdd90d5b116a231b61a1104ebdec526eee938e26,newRoot,box,warmup,newRoot,thread_cycles,build,2,3,5679.0,-6024.0,5679.0,6024.0,True,True
player01-a923265f,IL2CPP,ac74cac748fd6e6ebd6d35c6cdd90d5b116a231b61a1104ebdec526eee938e26,newRoot,box,measured,objects,elapsed_us,build,0,1,9.7,-9.8,9.7,9.8,True,True
player01-a923265f,IL2CPP,ac74cac748fd6e6ebd6d35c6cdd90d5b116a231b61a1104ebdec526eee938e26,newRoot,box,measured,objects,thread_cycles,build,0,1,20564.0,-20752.0,20564.0,20752.0,True,True
player01-a923265f,IL2CPP,ac74cac748fd6e6ebd6d35c6cdd90d5b116a231b61a1104ebdec526eee938e26,newRoot,box,measured,objects,elapsed_us,build,2,3,9.65,-10.3,9.65,10.3,True,True
player01-a923265f,IL2CPP,ac74cac748fd6e6ebd6d35c6cdd90d5b116a231b61a1104ebdec526eee938e26,newRoot,box,measured,objects,thread_cycles,build,2,3,20545.5,-21763.5,20545.5,21763.5,True,True
player01-a923265f,IL2CPP,ac74cac748fd6e6ebd6d35c6cdd90d5b116a231b61a1104ebdec526eee938e26,newRoot,box,measured,colliders,elapsed_us,build,0,1,1.2000000000000002,-1.0,1.2000000000000002,1.0,True,True
player01-a923265f,IL2CPP,ac74cac748fd6e6ebd6d35c6cdd90d5b116a231b61a1104ebdec526eee938e26,newRoot,box,measured,colliders,thread_cycles,build,0,1,2670.0,-2170.0,2670.0,2170.0,True,True
player01-a923265f,IL2CPP,ac74cac748fd6e6ebd6d35c6cdd90d5b116a231b61a1104ebdec526eee938e26,newRoot,box,measured,colliders,elapsed_us,build,2,3,1.1500000000000001,-1.1500000000000001,1.1500000000000001,1.1500000000000001,True,True
player01-a923265f,IL2CPP,ac74cac748fd6e6ebd6d35c6cdd90d5b116a231b61a1104ebdec526eee938e26,newRoot,box,measured,colliders,thread_cycles,build,2,3,2500.0,-2431.5,2500.0,2431.5,True,True
player01-a923265f,IL2CPP,ac74cac748fd6e6ebd6d35c6cdd90d5b116a231b61a1104ebdec526eee938e26,newRoot,box,measured,BuildSide,elapsed_us,build,0,1,11.650000000000002,-11.9,11.650000000000002,11.9,True,True
player01-a923265f,IL2CPP,ac74cac748fd6e6ebd6d35c6cdd90d5b116a231b61a1104ebdec526eee938e26,newRoot,box,measured,BuildSide,thread_cycles,build,0,1,24641.5,-25023.0,24641.5,25023.0,True,True
player01-a923265f,IL2CPP,ac74cac748fd6e6ebd6d35c6cdd90d5b116a231b61a1104ebdec526eee938e26,newRoot,box,measured,BuildSide,elapsed_us,build,2,3,11.25,-12.3,11.25,12.3,True,True
player01-a923265f,IL2CPP,ac74cac748fd6e6ebd6d35c6cdd90d5b116a231b61a1104ebdec526eee938e26,newRoot,box,measured,BuildSide,thread_cycles,build,2,3,23864.0,-25977.0,23864.0,25977.0,True,True
player01-a923265f,IL2CPP,ac74cac748fd6e6ebd6d35c6cdd90d5b116a231b61a1104ebdec526eee938e26,newRoot,box,measured,SetActive,elapsed_us,activation,0,2,3.8500000000000005,17.9,-3.8500000000000005,17.9,False,False
player01-a923265f,IL2CPP,ac74cac748fd6e6ebd6d35c6cdd90d5b116a231b61a1104ebdec526eee938e26,newRoot,box,measured,SetActive,thread_cycles,activation,0,2,8158.0,37749.5,-8158.0,37749.5,False,False
player01-a923265f,IL2CPP,ac74cac748fd6e6ebd6d35c6cdd90d5b116a231b61a1104ebdec526eee938e26,newRoot,box,measured,SetActive,elapsed_us,activation,1,3,3.8000000000000003,17.15,-3.8000000000000003,17.15,False,False
player01-a923265f,IL2CPP,ac74cac748fd6e6ebd6d35c6cdd90d5b116a231b61a1104ebdec526eee938e26,newRoot,box,measured,SetActive,thread_cycles,activation,1,3,7843.0,36255.0,-7843.0,36255.0,False,False
player01-a923265f,IL2CPP,ac74cac748fd6e6ebd6d35c6cdd90d5b116a231b61a1104ebdec526eee938e26,newRoot,box,measured,newRoot,elapsed_us,build,0,1,2.8000000000000003,-2.6,2.8000000000000003,2.6,True,True
player01-a923265f,IL2CPP,ac74cac748fd6e6ebd6d35c6cdd90d5b116a231b61a1104ebdec526eee938e26,newRoot,box,measured,newRoot,thread_cycles,build,0,1,6100.0,-5562.0,6100.0,5562.0,True,True
player01-a923265f,IL2CPP,ac74cac748fd6e6ebd6d35c6cdd90d5b116a231b61a1104ebdec526eee938e26,newRoot,box,measured,newRoot,elapsed_us,build,2,3,3.0,-2.6500000000000004,3.0,2.6500000000000004,True,True
player01-a923265f,IL2CPP,ac74cac748fd6e6ebd6d35c6cdd90d5b116a231b61a1104ebdec526eee938e26,newRoot,box,measured,newRoot,thread_cycles,build,2,3,6317.0,-5838.0,6317.0,5838.0,True,True
player01-a923265f,IL2CPP,ac74cac748fd6e6ebd6d35c6cdd90d5b116a231b61a1104ebdec526eee938e26,newRoot,character,warmup,objects,elapsed_us,build,0,1,18.1,-6.300000000000001,18.1,6.300000000000001,True,True
player01-a923265f,IL2CPP,ac74cac748fd6e6ebd6d35c6cdd90d5b116a231b61a1104ebdec526eee938e26,newRoot,character,warmup,objects,thread_cycles,build,0,1,38149.0,-13356.0,38149.0,13356.0,True,True
player01-a923265f,IL2CPP,ac74cac748fd6e6ebd6d35c6cdd90d5b116a231b61a1104ebdec526eee938e26,newRoot,character,warmup,objects,elapsed_us,build,2,3,9.8,-19.900000000000002,9.8,19.900000000000002,True,True
player01-a923265f,IL2CPP,ac74cac748fd6e6ebd6d35c6cdd90d5b116a231b61a1104ebdec526eee938e26,newRoot,character,warmup,objects,thread_cycles,build,2,3,20734.0,-41953.0,20734.0,41953.0,True,True
player01-a923265f,IL2CPP,ac74cac748fd6e6ebd6d35c6cdd90d5b116a231b61a1104ebdec526eee938e26,newRoot,character,warmup,colliders,elapsed_us,build,0,1,7.2,3.4000000000000004,7.2,-3.4000000000000004,False,False
player01-a923265f,IL2CPP,ac74cac748fd6e6ebd6d35c6cdd90d5b116a231b61a1104ebdec526eee938e26,newRoot,character,warmup,colliders,thread_cycles,build,0,1,15257.0,7171.0,15257.0,-7171.0,False,False
player01-a923265f,IL2CPP,ac74cac748fd6e6ebd6d35c6cdd90d5b116a231b61a1104ebdec526eee938e26,newRoot,character,warmup,colliders,elapsed_us,build,2,3,4.6000000000000005,1.7000000000000002,4.6000000000000005,-1.7000000000000002,False,False
player01-a923265f,IL2CPP,ac74cac748fd6e6ebd6d35c6cdd90d5b116a231b61a1104ebdec526eee938e26,newRoot,character,warmup,colliders,thread_cycles,build,2,3,9802.0,3618.0,9802.0,-3618.0,False,False
player01-a923265f,IL2CPP,ac74cac748fd6e6ebd6d35c6cdd90d5b116a231b61a1104ebdec526eee938e26,newRoot,character,warmup,BuildSide,elapsed_us,build,0,1,26.3,-3.4000000000000004,26.3,3.4000000000000004,True,True
player01-a923265f,IL2CPP,ac74cac748fd6e6ebd6d35c6cdd90d5b116a231b61a1104ebdec526eee938e26,newRoot,character,warmup,BuildSide,thread_cycles,build,0,1,54952.0,-7460.0,54952.0,7460.0,True,True
player01-a923265f,IL2CPP,ac74cac748fd6e6ebd6d35c6cdd90d5b116a231b61a1104ebdec526eee938e26,newRoot,character,warmup,BuildSide,elapsed_us,build,2,3,15.200000000000001,-18.7,15.200000000000001,18.7,True,True
player01-a923265f,IL2CPP,ac74cac748fd6e6ebd6d35c6cdd90d5b116a231b61a1104ebdec526eee938e26,newRoot,character,warmup,BuildSide,thread_cycles,build,2,3,32104.0,-39650.0,32104.0,39650.0,True,True
player01-a923265f,IL2CPP,ac74cac748fd6e6ebd6d35c6cdd90d5b116a231b61a1104ebdec526eee938e26,newRoot,character,warmup,SetActive,elapsed_us,activation,0,2,7.9,22.400000000000002,-7.9,22.400000000000002,False,False
player01-a923265f,IL2CPP,ac74cac748fd6e6ebd6d35c6cdd90d5b116a231b61a1104ebdec526eee938e26,newRoot,character,warmup,SetActive,thread_cycles,activation,0,2,16560.0,47149.0,-16560.0,47149.0,False,False
player01-a923265f,IL2CPP,ac74cac748fd6e6ebd6d35c6cdd90d5b116a231b61a1104ebdec526eee938e26,newRoot,character,warmup,SetActive,elapsed_us,activation,1,3,10.5,37.0,-10.5,37.0,False,False
player01-a923265f,IL2CPP,ac74cac748fd6e6ebd6d35c6cdd90d5b116a231b61a1104ebdec526eee938e26,newRoot,character,warmup,SetActive,thread_cycles,activation,1,3,22385.0,78330.0,-22385.0,78330.0,False,False
player01-a923265f,IL2CPP,ac74cac748fd6e6ebd6d35c6cdd90d5b116a231b61a1104ebdec526eee938e26,newRoot,character,warmup,newRoot,elapsed_us,build,0,1,5.4,-2.5,5.4,2.5,True,True
player01-a923265f,IL2CPP,ac74cac748fd6e6ebd6d35c6cdd90d5b116a231b61a1104ebdec526eee938e26,newRoot,character,warmup,newRoot,thread_cycles,build,0,1,12639.0,-5349.0,12639.0,5349.0,True,True
player01-a923265f,IL2CPP,ac74cac748fd6e6ebd6d35c6cdd90d5b116a231b61a1104ebdec526eee938e26,newRoot,character,warmup,newRoot,elapsed_us,build,2,3,2.5,-9.1,2.5,9.1,True,True
player01-a923265f,IL2CPP,ac74cac748fd6e6ebd6d35c6cdd90d5b116a231b61a1104ebdec526eee938e26,newRoot,character,warmup,newRoot,thread_cycles,build,2,3,5475.0,-19331.0,5475.0,19331.0,True,True
player01-a923265f,IL2CPP,ac74cac748fd6e6ebd6d35c6cdd90d5b116a231b61a1104ebdec526eee938e26,newRoot,character,measured,objects,elapsed_us,build,0,1,8.8,-9.05,8.8,9.05,True,True
player01-a923265f,IL2CPP,ac74cac748fd6e6ebd6d35c6cdd90d5b116a231b61a1104ebdec526eee938e26,newRoot,character,measured,objects,thread_cycles,build,0,1,18611.5,-19251.5,18611.5,19251.5,True,True
player01-a923265f,IL2CPP,ac74cac748fd6e6ebd6d35c6cdd90d5b116a231b61a1104ebdec526eee938e26,newRoot,character,measured,objects,elapsed_us,build,2,3,9.700000000000001,-9.200000000000001,9.700000000000001,9.200000000000001,True,True
player01-a923265f,IL2CPP,ac74cac748fd6e6ebd6d35c6cdd90d5b116a231b61a1104ebdec526eee938e26,newRoot,character,measured,objects,thread_cycles,build,2,3,20488.0,-19604.5,20488.0,19604.5,True,True
player01-a923265f,IL2CPP,ac74cac748fd6e6ebd6d35c6cdd90d5b116a231b61a1104ebdec526eee938e26,newRoot,character,measured,colliders,elapsed_us,build,0,1,5.65,3.2,5.65,-3.2,False,False
player01-a923265f,IL2CPP,ac74cac748fd6e6ebd6d35c6cdd90d5b116a231b61a1104ebdec526eee938e26,newRoot,character,measured,colliders,thread_cycles,build,0,1,11931.5,6818.5,11931.5,-6818.5,False,False
player01-a923265f,IL2CPP,ac74cac748fd6e6ebd6d35c6cdd90d5b116a231b61a1104ebdec526eee938e26,newRoot,character,measured,colliders,elapsed_us,build,2,3,5.45,3.3000000000000003,5.45,-3.3000000000000003,False,False
player01-a923265f,IL2CPP,ac74cac748fd6e6ebd6d35c6cdd90d5b116a231b61a1104ebdec526eee938e26,newRoot,character,measured,colliders,thread_cycles,build,2,3,11659.5,7064.0,11659.5,-7064.0,False,False
player01-a923265f,IL2CPP,ac74cac748fd6e6ebd6d35c6cdd90d5b116a231b61a1104ebdec526eee938e26,newRoot,character,measured,BuildSide,elapsed_us,build,0,1,14.95,-6.7,14.95,6.7,True,True
player01-a923265f,IL2CPP,ac74cac748fd6e6ebd6d35c6cdd90d5b116a231b61a1104ebdec526eee938e26,newRoot,character,measured,BuildSide,thread_cycles,build,0,1,31601.0,-14170.0,31601.0,14170.0,True,True
player01-a923265f,IL2CPP,ac74cac748fd6e6ebd6d35c6cdd90d5b116a231b61a1104ebdec526eee938e26,newRoot,character,measured,BuildSide,elapsed_us,build,2,3,16.0,-6.9,16.0,6.9,True,True
player01-a923265f,IL2CPP,ac74cac748fd6e6ebd6d35c6cdd90d5b116a231b61a1104ebdec526eee938e26,newRoot,character,measured,BuildSide,thread_cycles,build,2,3,33816.5,-14699.5,33816.5,14699.5,True,True
player01-a923265f,IL2CPP,ac74cac748fd6e6ebd6d35c6cdd90d5b116a231b61a1104ebdec526eee938e26,newRoot,character,measured,SetActive,elapsed_us,activation,0,2,8.9,22.3,-8.9,22.3,False,False
player01-a923265f,IL2CPP,ac74cac748fd6e6ebd6d35c6cdd90d5b116a231b61a1104ebdec526eee938e26,newRoot,character,measured,SetActive,thread_cycles,activation,0,2,18924.5,47003.5,-18924.5,47003.5,False,False
player01-a923265f,IL2CPP,ac74cac748fd6e6ebd6d35c6cdd90d5b116a231b61a1104ebdec526eee938e26,newRoot,character,measured,SetActive,elapsed_us,activation,1,3,8.9,22.0,-8.9,22.0,False,False
player01-a923265f,IL2CPP,ac74cac748fd6e6ebd6d35c6cdd90d5b116a231b61a1104ebdec526eee938e26,newRoot,character,measured,SetActive,thread_cycles,activation,1,3,18793.0,46548.0,-18793.0,46548.0,False,False
player01-a923265f,IL2CPP,ac74cac748fd6e6ebd6d35c6cdd90d5b116a231b61a1104ebdec526eee938e26,newRoot,character,measured,newRoot,elapsed_us,build,0,1,2.9000000000000004,-2.55,2.9000000000000004,2.55,True,True
player01-a923265f,IL2CPP,ac74cac748fd6e6ebd6d35c6cdd90d5b116a231b61a1104ebdec526eee938e26,newRoot,character,measured,newRoot,thread_cycles,build,0,1,6285.5,-5409.5,6285.5,5409.5,True,True
player01-a923265f,IL2CPP,ac74cac748fd6e6ebd6d35c6cdd90d5b116a231b61a1104ebdec526eee938e26,newRoot,character,measured,newRoot,elapsed_us,build,2,3,2.9000000000000004,-2.85,2.9000000000000004,2.85,True,True
player01-a923265f,IL2CPP,ac74cac748fd6e6ebd6d35c6cdd90d5b116a231b61a1104ebdec526eee938e26,newRoot,character,measured,newRoot,thread_cycles,build,2,3,6172.0,-6167.0,6172.0,6167.0,True,True
player10-f0ebe111,IL2CPP,ac74cac748fd6e6ebd6d35c6cdd90d5b116a231b61a1104ebdec526eee938e26,newRoot,box,warmup,objects,elapsed_us,build,0,1,7.4,-10.0,7.4,10.0,True,True
player10-f0ebe111,IL2CPP,ac74cac748fd6e6ebd6d35c6cdd90d5b116a231b61a1104ebdec526eee938e26,newRoot,box,warmup,objects,thread_cycles,build,0,1,15816.0,-21127.0,15816.0,21127.0,True,True
player10-f0ebe111,IL2CPP,ac74cac748fd6e6ebd6d35c6cdd90d5b116a231b61a1104ebdec526eee938e26,newRoot,box,warmup,objects,elapsed_us,build,2,3,14.4,-9.8,14.4,9.8,True,True
player10-f0ebe111,IL2CPP,ac74cac748fd6e6ebd6d35c6cdd90d5b116a231b61a1104ebdec526eee938e26,newRoot,box,warmup,objects,thread_cycles,build,2,3,30561.0,-20775.0,30561.0,20775.0,True,True
player10-f0ebe111,IL2CPP,ac74cac748fd6e6ebd6d35c6cdd90d5b116a231b61a1104ebdec526eee938e26,newRoot,box,warmup,colliders,elapsed_us,build,0,1,0.8,-0.7000000000000001,0.8,0.7000000000000001,True,True
player10-f0ebe111,IL2CPP,ac74cac748fd6e6ebd6d35c6cdd90d5b116a231b61a1104ebdec526eee938e26,newRoot,box,warmup,colliders,thread_cycles,build,0,1,1674.0,-1415.0,1674.0,1415.0,True,True
player10-f0ebe111,IL2CPP,ac74cac748fd6e6ebd6d35c6cdd90d5b116a231b61a1104ebdec526eee938e26,newRoot,box,warmup,colliders,elapsed_us,build,2,3,1.1,0.4,1.1,-0.4,False,False
player10-f0ebe111,IL2CPP,ac74cac748fd6e6ebd6d35c6cdd90d5b116a231b61a1104ebdec526eee938e26,newRoot,box,warmup,colliders,thread_cycles,build,2,3,2454.0,896.0,2454.0,-896.0,False,False
player10-f0ebe111,IL2CPP,ac74cac748fd6e6ebd6d35c6cdd90d5b116a231b61a1104ebdec526eee938e26,newRoot,box,warmup,BuildSide,elapsed_us,build,0,1,8.9,-11.3,8.9,11.3,True,True
player10-f0ebe111,IL2CPP,ac74cac748fd6e6ebd6d35c6cdd90d5b116a231b61a1104ebdec526eee938e26,newRoot,box,warmup,BuildSide,thread_cycles,build,0,1,18607.0,-23773.0,18607.0,23773.0,True,True
player10-f0ebe111,IL2CPP,ac74cac748fd6e6ebd6d35c6cdd90d5b116a231b61a1104ebdec526eee938e26,newRoot,box,warmup,BuildSide,elapsed_us,build,2,3,18.0,-10.5,18.0,10.5,True,True
player10-f0ebe111,IL2CPP,ac74cac748fd6e6ebd6d35c6cdd90d5b116a231b61a1104ebdec526eee938e26,newRoot,box,warmup,BuildSide,thread_cycles,build,2,3,37842.0,-22108.0,37842.0,22108.0,True,True
player10-f0ebe111,IL2CPP,ac74cac748fd6e6ebd6d35c6cdd90d5b116a231b61a1104ebdec526eee938e26,newRoot,box,warmup,SetActive,elapsed_us,activation,0,2,4.9,27.1,-4.9,27.1,False,False
player10-f0ebe111,IL2CPP,ac74cac748fd6e6ebd6d35c6cdd90d5b116a231b61a1104ebdec526eee938e26,newRoot,box,warmup,SetActive,thread_cycles,activation,0,2,10271.0,57329.0,-10271.0,57329.0,False,False
player10-f0ebe111,IL2CPP,ac74cac748fd6e6ebd6d35c6cdd90d5b116a231b61a1104ebdec526eee938e26,newRoot,box,warmup,SetActive,elapsed_us,activation,1,3,3.5,18.5,-3.5,18.5,False,False
player10-f0ebe111,IL2CPP,ac74cac748fd6e6ebd6d35c6cdd90d5b116a231b61a1104ebdec526eee938e26,newRoot,box,warmup,SetActive,thread_cycles,activation,1,3,7264.0,39159.0,-7264.0,39159.0,False,False
player10-f0ebe111,IL2CPP,ac74cac748fd6e6ebd6d35c6cdd90d5b116a231b61a1104ebdec526eee938e26,newRoot,box,warmup,newRoot,elapsed_us,build,0,1,1.6,-3.2,1.6,3.2,True,True
player10-f0ebe111,IL2CPP,ac74cac748fd6e6ebd6d35c6cdd90d5b116a231b61a1104ebdec526eee938e26,newRoot,box,warmup,newRoot,thread_cycles,build,0,1,3472.0,-6734.0,3472.0,6734.0,True,True
player10-f0ebe111,IL2CPP,ac74cac748fd6e6ebd6d35c6cdd90d5b116a231b61a1104ebdec526eee938e26,newRoot,box,warmup,newRoot,elapsed_us,build,2,3,4.800000000000001,-2.6,4.800000000000001,2.6,True,True
player10-f0ebe111,IL2CPP,ac74cac748fd6e6ebd6d35c6cdd90d5b116a231b61a1104ebdec526eee938e26,newRoot,box,warmup,newRoot,thread_cycles,build,2,3,10447.0,-5701.0,10447.0,5701.0,True,True
player10-f0ebe111,IL2CPP,ac74cac748fd6e6ebd6d35c6cdd90d5b116a231b61a1104ebdec526eee938e26,newRoot,box,measured,objects,elapsed_us,build,0,1,8.95,-9.7,8.95,9.7,True,True
player10-f0ebe111,IL2CPP,ac74cac748fd6e6ebd6d35c6cdd90d5b116a231b61a1104ebdec526eee938e26,newRoot,box,measured,objects,thread_cycles,build,0,1,18918.0,-20617.0,18918.0,20617.0,True,True
player10-f0ebe111,IL2CPP,ac74cac748fd6e6ebd6d35c6cdd90d5b116a231b61a1104ebdec526eee938e26,newRoot,box,measured,objects,elapsed_us,build,2,3,8.850000000000001,-9.5,8.850000000000001,9.5,True,True
player10-f0ebe111,IL2CPP,ac74cac748fd6e6ebd6d35c6cdd90d5b116a231b61a1104ebdec526eee938e26,newRoot,box,measured,objects,thread_cycles,build,2,3,18847.0,-19931.5,18847.0,19931.5,True,True
player10-f0ebe111,IL2CPP,ac74cac748fd6e6ebd6d35c6cdd90d5b116a231b61a1104ebdec526eee938e26,newRoot,box,measured,colliders,elapsed_us,build,0,1,0.95,-0.8,0.95,0.8,True,True
player10-f0ebe111,IL2CPP,ac74cac748fd6e6ebd6d35c6cdd90d5b116a231b61a1104ebdec526eee938e26,newRoot,box,measured,colliders,thread_cycles,build,0,1,1944.5,-1745.0,1944.5,1745.0,True,True
player10-f0ebe111,IL2CPP,ac74cac748fd6e6ebd6d35c6cdd90d5b116a231b61a1104ebdec526eee938e26,newRoot,box,measured,colliders,elapsed_us,build,2,3,1.1,-0.9500000000000001,1.1,0.9500000000000001,True,True
player10-f0ebe111,IL2CPP,ac74cac748fd6e6ebd6d35c6cdd90d5b116a231b61a1104ebdec526eee938e26,newRoot,box,measured,colliders,thread_cycles,build,2,3,2196.0,-2084.0,2196.0,2084.0,True,True
player10-f0ebe111,IL2CPP,ac74cac748fd6e6ebd6d35c6cdd90d5b116a231b61a1104ebdec526eee938e26,newRoot,box,measured,BuildSide,elapsed_us,build,0,1,10.65,-11.350000000000001,10.65,11.350000000000001,True,True
player10-f0ebe111,IL2CPP,ac74cac748fd6e6ebd6d35c6cdd90d5b116a231b61a1104ebdec526eee938e26,newRoot,box,measured,BuildSide,thread_cycles,build,0,1,22351.0,-23921.5,22351.0,23921.5,True,True
player10-f0ebe111,IL2CPP,ac74cac748fd6e6ebd6d35c6cdd90d5b116a231b61a1104ebdec526eee938e26,newRoot,box,measured,BuildSide,elapsed_us,build,2,3,10.8,-10.850000000000001,10.8,10.850000000000001,True,True
player10-f0ebe111,IL2CPP,ac74cac748fd6e6ebd6d35c6cdd90d5b116a231b61a1104ebdec526eee938e26,newRoot,box,measured,BuildSide,thread_cycles,build,2,3,22738.0,-22792.0,22738.0,22792.0,True,True
player10-f0ebe111,IL2CPP,ac74cac748fd6e6ebd6d35c6cdd90d5b116a231b61a1104ebdec526eee938e26,newRoot,box,measured,SetActive,elapsed_us,activation,0,2,4.550000000000001,15.8,-4.550000000000001,15.8,False,False
player10-f0ebe111,IL2CPP,ac74cac748fd6e6ebd6d35c6cdd90d5b116a231b61a1104ebdec526eee938e26,newRoot,box,measured,SetActive,thread_cycles,activation,0,2,9484.0,33520.5,-9484.0,33520.5,False,False
player10-f0ebe111,IL2CPP,ac74cac748fd6e6ebd6d35c6cdd90d5b116a231b61a1104ebdec526eee938e26,newRoot,box,measured,SetActive,elapsed_us,activation,1,3,4.050000000000001,16.25,-4.050000000000001,16.25,False,False
player10-f0ebe111,IL2CPP,ac74cac748fd6e6ebd6d35c6cdd90d5b116a231b61a1104ebdec526eee938e26,newRoot,box,measured,SetActive,thread_cycles,activation,1,3,8539.0,34425.5,-8539.0,34425.5,False,False
player10-f0ebe111,IL2CPP,ac74cac748fd6e6ebd6d35c6cdd90d5b116a231b61a1104ebdec526eee938e26,newRoot,box,measured,newRoot,elapsed_us,build,0,1,2.25,-2.55,2.25,2.55,True,True
player10-f0ebe111,IL2CPP,ac74cac748fd6e6ebd6d35c6cdd90d5b116a231b61a1104ebdec526eee938e26,newRoot,box,measured,newRoot,thread_cycles,build,0,1,4984.5,-5731.0,4984.5,5731.0,True,True
player10-f0ebe111,IL2CPP,ac74cac748fd6e6ebd6d35c6cdd90d5b116a231b61a1104ebdec526eee938e26,newRoot,box,measured,newRoot,elapsed_us,build,2,3,2.7,-2.25,2.7,2.25,True,True
player10-f0ebe111,IL2CPP,ac74cac748fd6e6ebd6d35c6cdd90d5b116a231b61a1104ebdec526eee938e26,newRoot,box,measured,newRoot,thread_cycles,build,2,3,5700.5,-5092.5,5700.5,5092.5,True,True
player10-f0ebe111,IL2CPP,ac74cac748fd6e6ebd6d35c6cdd90d5b116a231b61a1104ebdec526eee938e26,newRoot,character,warmup,objects,elapsed_us,build,0,1,8.5,-9.3,8.5,9.3,True,True
player10-f0ebe111,IL2CPP,ac74cac748fd6e6ebd6d35c6cdd90d5b116a231b61a1104ebdec526eee938e26,newRoot,character,warmup,objects,thread_cycles,build,0,1,18085.0,-19580.0,18085.0,19580.0,True,True
player10-f0ebe111,IL2CPP,ac74cac748fd6e6ebd6d35c6cdd90d5b116a231b61a1104ebdec526eee938e26,newRoot,character,warmup,objects,elapsed_us,build,2,3,9.600000000000001,-8.700000000000001,9.600000000000001,8.700000000000001,True,True
player10-f0ebe111,IL2CPP,ac74cac748fd6e6ebd6d35c6cdd90d5b116a231b61a1104ebdec526eee938e26,newRoot,character,warmup,objects,thread_cycles,build,2,3,20153.0,-18315.0,20153.0,18315.0,True,True
player10-f0ebe111,IL2CPP,ac74cac748fd6e6ebd6d35c6cdd90d5b116a231b61a1104ebdec526eee938e26,newRoot,character,warmup,colliders,elapsed_us,build,0,1,5.4,2.7,5.4,-2.7,False,False
player10-f0ebe111,IL2CPP,ac74cac748fd6e6ebd6d35c6cdd90d5b116a231b61a1104ebdec526eee938e26,newRoot,character,warmup,colliders,thread_cycles,build,0,1,11148.0,5716.0,11148.0,-5716.0,False,False
player10-f0ebe111,IL2CPP,ac74cac748fd6e6ebd6d35c6cdd90d5b116a231b61a1104ebdec526eee938e26,newRoot,character,warmup,colliders,elapsed_us,build,2,3,6.800000000000001,3.6,6.800000000000001,-3.6,False,False
player10-f0ebe111,IL2CPP,ac74cac748fd6e6ebd6d35c6cdd90d5b116a231b61a1104ebdec526eee938e26,newRoot,character,warmup,colliders,thread_cycles,build,2,3,14258.0,7388.0,14258.0,-7388.0,False,False
player10-f0ebe111,IL2CPP,ac74cac748fd6e6ebd6d35c6cdd90d5b116a231b61a1104ebdec526eee938e26,newRoot,character,warmup,BuildSide,elapsed_us,build,0,1,14.3,-7.0,14.3,7.0,True,True
player10-f0ebe111,IL2CPP,ac74cac748fd6e6ebd6d35c6cdd90d5b116a231b61a1104ebdec526eee938e26,newRoot,character,warmup,BuildSide,thread_cycles,build,0,1,30110.0,-14921.0,30110.0,14921.0,True,True
player10-f0ebe111,IL2CPP,ac74cac748fd6e6ebd6d35c6cdd90d5b116a231b61a1104ebdec526eee938e26,newRoot,character,warmup,BuildSide,elapsed_us,build,2,3,18.7,-5.6000000000000005,18.7,5.6000000000000005,True,True
player10-f0ebe111,IL2CPP,ac74cac748fd6e6ebd6d35c6cdd90d5b116a231b61a1104ebdec526eee938e26,newRoot,character,warmup,BuildSide,thread_cycles,build,2,3,39541.0,-11736.0,39541.0,11736.0,True,True
player10-f0ebe111,IL2CPP,ac74cac748fd6e6ebd6d35c6cdd90d5b116a231b61a1104ebdec526eee938e26,newRoot,character,warmup,SetActive,elapsed_us,activation,0,2,9.3,29.200000000000003,-9.3,29.200000000000003,False,False
player10-f0ebe111,IL2CPP,ac74cac748fd6e6ebd6d35c6cdd90d5b116a231b61a1104ebdec526eee938e26,newRoot,character,warmup,SetActive,thread_cycles,activation,0,2,19574.0,61391.0,-19574.0,61391.0,False,False
player10-f0ebe111,IL2CPP,ac74cac748fd6e6ebd6d35c6cdd90d5b116a231b61a1104ebdec526eee938e26,newRoot,character,warmup,SetActive,elapsed_us,activation,1,3,7.6000000000000005,19.200000000000003,-7.6000000000000005,19.200000000000003,False,False
player10-f0ebe111,IL2CPP,ac74cac748fd6e6ebd6d35c6cdd90d5b116a231b61a1104ebdec526eee938e26,newRoot,character,warmup,SetActive,thread_cycles,activation,1,3,16027.0,40682.0,-16027.0,40682.0,False,False
player10-f0ebe111,IL2CPP,ac74cac748fd6e6ebd6d35c6cdd90d5b116a231b61a1104ebdec526eee938e26,newRoot,character,warmup,newRoot,elapsed_us,build,0,1,2.7,-2.5,2.7,2.5,True,True
player10-f0ebe111,IL2CPP,ac74cac748fd6e6ebd6d35c6cdd90d5b116a231b61a1104ebdec526eee938e26,newRoot,character,warmup,newRoot,thread_cycles,build,0,1,5632.0,-5401.0,5632.0,5401.0,True,True
player10-f0ebe111,IL2CPP,ac74cac748fd6e6ebd6d35c6cdd90d5b116a231b61a1104ebdec526eee938e26,newRoot,character,warmup,newRoot,elapsed_us,build,2,3,3.2,-2.1,3.2,2.1,True,True
player10-f0ebe111,IL2CPP,ac74cac748fd6e6ebd6d35c6cdd90d5b116a231b61a1104ebdec526eee938e26,newRoot,character,warmup,newRoot,thread_cycles,build,2,3,6645.0,-4514.0,6645.0,4514.0,True,True
player10-f0ebe111,IL2CPP,ac74cac748fd6e6ebd6d35c6cdd90d5b116a231b61a1104ebdec526eee938e26,newRoot,character,measured,objects,elapsed_us,build,0,1,9.55,-8.850000000000001,9.55,8.850000000000001,True,True
player10-f0ebe111,IL2CPP,ac74cac748fd6e6ebd6d35c6cdd90d5b116a231b61a1104ebdec526eee938e26,newRoot,character,measured,objects,thread_cycles,build,0,1,20158.0,-18629.0,20158.0,18629.0,True,True
player10-f0ebe111,IL2CPP,ac74cac748fd6e6ebd6d35c6cdd90d5b116a231b61a1104ebdec526eee938e26,newRoot,character,measured,objects,elapsed_us,build,2,3,9.3,-8.9,9.3,8.9,True,True
player10-f0ebe111,IL2CPP,ac74cac748fd6e6ebd6d35c6cdd90d5b116a231b61a1104ebdec526eee938e26,newRoot,character,measured,objects,thread_cycles,build,2,3,19654.0,-18769.0,19654.0,18769.0,True,True
player10-f0ebe111,IL2CPP,ac74cac748fd6e6ebd6d35c6cdd90d5b116a231b61a1104ebdec526eee938e26,newRoot,character,measured,colliders,elapsed_us,build,0,1,5.25,2.8500000000000005,5.25,-2.8500000000000005,False,False
player10-f0ebe111,IL2CPP,ac74cac748fd6e6ebd6d35c6cdd90d5b116a231b61a1104ebdec526eee938e26,newRoot,character,measured,colliders,thread_cycles,build,0,1,11147.0,5858.0,11147.0,-5858.0,False,False
player10-f0ebe111,IL2CPP,ac74cac748fd6e6ebd6d35c6cdd90d5b116a231b61a1104ebdec526eee938e26,newRoot,character,measured,colliders,elapsed_us,build,2,3,5.6,2.6,5.6,-2.6,False,False
player10-f0ebe111,IL2CPP,ac74cac748fd6e6ebd6d35c6cdd90d5b116a231b61a1104ebdec526eee938e26,newRoot,character,measured,colliders,thread_cycles,build,2,3,11926.0,5597.5,11926.0,-5597.5,False,False
player10-f0ebe111,IL2CPP,ac74cac748fd6e6ebd6d35c6cdd90d5b116a231b61a1104ebdec526eee938e26,newRoot,character,measured,BuildSide,elapsed_us,build,0,1,15.650000000000002,-6.95,15.650000000000002,6.95,True,True
player10-f0ebe111,IL2CPP,ac74cac748fd6e6ebd6d35c6cdd90d5b116a231b61a1104ebdec526eee938e26,newRoot,character,measured,BuildSide,thread_cycles,build,0,1,33020.5,-14747.0,33020.5,14747.0,True,True
player10-f0ebe111,IL2CPP,ac74cac748fd6e6ebd6d35c6cdd90d5b116a231b61a1104ebdec526eee938e26,newRoot,character,measured,BuildSide,elapsed_us,build,2,3,15.4,-6.65,15.4,6.65,True,True
player10-f0ebe111,IL2CPP,ac74cac748fd6e6ebd6d35c6cdd90d5b116a231b61a1104ebdec526eee938e26,newRoot,character,measured,BuildSide,thread_cycles,build,2,3,32546.5,-14262.5,32546.5,14262.5,True,True
player10-f0ebe111,IL2CPP,ac74cac748fd6e6ebd6d35c6cdd90d5b116a231b61a1104ebdec526eee938e26,newRoot,character,measured,SetActive,elapsed_us,activation,0,2,8.9,23.1,-8.9,23.1,False,False
player10-f0ebe111,IL2CPP,ac74cac748fd6e6ebd6d35c6cdd90d5b116a231b61a1104ebdec526eee938e26,newRoot,character,measured,SetActive,thread_cycles,activation,0,2,18817.0,48899.5,-18817.0,48899.5,False,False
player10-f0ebe111,IL2CPP,ac74cac748fd6e6ebd6d35c6cdd90d5b116a231b61a1104ebdec526eee938e26,newRoot,character,measured,SetActive,elapsed_us,activation,1,3,9.75,22.25,-9.75,22.25,False,False
player10-f0ebe111,IL2CPP,ac74cac748fd6e6ebd6d35c6cdd90d5b116a231b61a1104ebdec526eee938e26,newRoot,character,measured,SetActive,thread_cycles,activation,1,3,20659.0,47085.0,-20659.0,47085.0,False,False
player10-f0ebe111,IL2CPP,ac74cac748fd6e6ebd6d35c6cdd90d5b116a231b61a1104ebdec526eee938e26,newRoot,character,measured,newRoot,elapsed_us,build,0,1,2.7,-2.6500000000000004,2.7,2.6500000000000004,True,True
player10-f0ebe111,IL2CPP,ac74cac748fd6e6ebd6d35c6cdd90d5b116a231b61a1104ebdec526eee938e26,newRoot,character,measured,newRoot,thread_cycles,build,0,1,5801.5,-5617.5,5801.5,5617.5,True,True
player10-f0ebe111,IL2CPP,ac74cac748fd6e6ebd6d35c6cdd90d5b116a231b61a1104ebdec526eee938e26,newRoot,character,measured,newRoot,elapsed_us,build,2,3,2.75,-2.45,2.75,2.45,True,True
player10-f0ebe111,IL2CPP,ac74cac748fd6e6ebd6d35c6cdd90d5b116a231b61a1104ebdec526eee938e26,newRoot,character,measured,newRoot,thread_cycles,build,2,3,5944.5,-5119.0,5944.5,5119.0,True,True
player11-6bad76e3,IL2CPP,ac74cac748fd6e6ebd6d35c6cdd90d5b116a231b61a1104ebdec526eee938e26,newRoot,box,warmup,objects,elapsed_us,build,0,1,9.8,-7.9,9.8,7.9,True,True
player11-6bad76e3,IL2CPP,ac74cac748fd6e6ebd6d35c6cdd90d5b116a231b61a1104ebdec526eee938e26,newRoot,box,warmup,objects,thread_cycles,build,0,1,20437.0,-16609.0,20437.0,16609.0,True,True
player11-6bad76e3,IL2CPP,ac74cac748fd6e6ebd6d35c6cdd90d5b116a231b61a1104ebdec526eee938e26,newRoot,box,warmup,objects,elapsed_us,build,2,3,12.0,-8.200000000000001,12.0,8.200000000000001,True,True
player11-6bad76e3,IL2CPP,ac74cac748fd6e6ebd6d35c6cdd90d5b116a231b61a1104ebdec526eee938e26,newRoot,box,warmup,objects,thread_cycles,build,2,3,25206.0,-17257.0,25206.0,17257.0,True,True
player11-6bad76e3,IL2CPP,ac74cac748fd6e6ebd6d35c6cdd90d5b116a231b61a1104ebdec526eee938e26,newRoot,box,warmup,colliders,elapsed_us,build,0,1,0.9,-1.2000000000000002,0.9,1.2000000000000002,True,True
player11-6bad76e3,IL2CPP,ac74cac748fd6e6ebd6d35c6cdd90d5b116a231b61a1104ebdec526eee938e26,newRoot,box,warmup,colliders,thread_cycles,build,0,1,1910.0,-2445.0,1910.0,2445.0,True,True
player11-6bad76e3,IL2CPP,ac74cac748fd6e6ebd6d35c6cdd90d5b116a231b61a1104ebdec526eee938e26,newRoot,box,warmup,colliders,elapsed_us,build,2,3,1.5,-0.7000000000000001,1.5,0.7000000000000001,True,True
player11-6bad76e3,IL2CPP,ac74cac748fd6e6ebd6d35c6cdd90d5b116a231b61a1104ebdec526eee938e26,newRoot,box,warmup,colliders,thread_cycles,build,2,3,2980.0,-1576.0,2980.0,1576.0,True,True
player11-6bad76e3,IL2CPP,ac74cac748fd6e6ebd6d35c6cdd90d5b116a231b61a1104ebdec526eee938e26,newRoot,box,warmup,BuildSide,elapsed_us,build,0,1,11.200000000000001,-9.700000000000001,11.200000000000001,9.700000000000001,True,True
player11-6bad76e3,IL2CPP,ac74cac748fd6e6ebd6d35c6cdd90d5b116a231b61a1104ebdec526eee938e26,newRoot,box,warmup,BuildSide,thread_cycles,build,0,1,23661.0,-20172.0,23661.0,20172.0,True,True
player11-6bad76e3,IL2CPP,ac74cac748fd6e6ebd6d35c6cdd90d5b116a231b61a1104ebdec526eee938e26,newRoot,box,warmup,BuildSide,elapsed_us,build,2,3,13.8,-9.5,13.8,9.5,True,True
player11-6bad76e3,IL2CPP,ac74cac748fd6e6ebd6d35c6cdd90d5b116a231b61a1104ebdec526eee938e26,newRoot,box,warmup,BuildSide,thread_cycles,build,2,3,28947.0,-19848.0,28947.0,19848.0,True,True
player11-6bad76e3,IL2CPP,ac74cac748fd6e6ebd6d35c6cdd90d5b116a231b61a1104ebdec526eee938e26,newRoot,box,warmup,SetActive,elapsed_us,activation,0,2,4.1000000000000005,23.400000000000002,-4.1000000000000005,23.400000000000002,False,False
player11-6bad76e3,IL2CPP,ac74cac748fd6e6ebd6d35c6cdd90d5b116a231b61a1104ebdec526eee938e26,newRoot,box,warmup,SetActive,thread_cycles,activation,0,2,8453.0,49494.0,-8453.0,49494.0,False,False
player11-6bad76e3,IL2CPP,ac74cac748fd6e6ebd6d35c6cdd90d5b116a231b61a1104ebdec526eee938e26,newRoot,box,warmup,SetActive,elapsed_us,activation,1,3,2.2,14.3,-2.2,14.3,False,False
player11-6bad76e3,IL2CPP,ac74cac748fd6e6ebd6d35c6cdd90d5b116a231b61a1104ebdec526eee938e26,newRoot,box,warmup,SetActive,thread_cycles,activation,1,3,4641.0,30193.0,-4641.0,30193.0,False,False
player11-6bad76e3,IL2CPP,ac74cac748fd6e6ebd6d35c6cdd90d5b116a231b61a1104ebdec526eee938e26,newRoot,box,warmup,newRoot,elapsed_us,build,0,1,4.1000000000000005,-2.2,4.1000000000000005,2.2,True,True
player11-6bad76e3,IL2CPP,ac74cac748fd6e6ebd6d35c6cdd90d5b116a231b61a1104ebdec526eee938e26,newRoot,box,warmup,newRoot,thread_cycles,build,0,1,8795.0,-4961.0,8795.0,4961.0,True,True
player11-6bad76e3,IL2CPP,ac74cac748fd6e6ebd6d35c6cdd90d5b116a231b61a1104ebdec526eee938e26,newRoot,box,warmup,newRoot,elapsed_us,build,2,3,3.5,-2.5,3.5,2.5,True,True
player11-6bad76e3,IL2CPP,ac74cac748fd6e6ebd6d35c6cdd90d5b116a231b61a1104ebdec526eee938e26,newRoot,box,warmup,newRoot,thread_cycles,build,2,3,8527.0,-5451.0,8527.0,5451.0,True,True
player11-6bad76e3,IL2CPP,ac74cac748fd6e6ebd6d35c6cdd90d5b116a231b61a1104ebdec526eee938e26,newRoot,box,measured,objects,elapsed_us,build,0,1,8.3,-8.7,8.3,8.7,True,True
player11-6bad76e3,IL2CPP,ac74cac748fd6e6ebd6d35c6cdd90d5b116a231b61a1104ebdec526eee938e26,newRoot,box,measured,objects,thread_cycles,build,0,1,17523.5,-18367.5,17523.5,18367.5,True,True
player11-6bad76e3,IL2CPP,ac74cac748fd6e6ebd6d35c6cdd90d5b116a231b61a1104ebdec526eee938e26,newRoot,box,measured,objects,elapsed_us,build,2,3,9.700000000000001,-8.600000000000001,9.700000000000001,8.600000000000001,True,True
player11-6bad76e3,IL2CPP,ac74cac748fd6e6ebd6d35c6cdd90d5b116a231b61a1104ebdec526eee938e26,newRoot,box,measured,objects,thread_cycles,build,2,3,20613.5,-18199.0,20613.5,18199.0,True,True
player11-6bad76e3,IL2CPP,ac74cac748fd6e6ebd6d35c6cdd90d5b116a231b61a1104ebdec526eee938e26,newRoot,box,measured,colliders,elapsed_us,build,0,1,0.8500000000000001,-0.8,0.8500000000000001,0.8,True,True
player11-6bad76e3,IL2CPP,ac74cac748fd6e6ebd6d35c6cdd90d5b116a231b61a1104ebdec526eee938e26,newRoot,box,measured,colliders,thread_cycles,build,0,1,1829.0,-1772.5,1829.0,1772.5,True,True
player11-6bad76e3,IL2CPP,ac74cac748fd6e6ebd6d35c6cdd90d5b116a231b61a1104ebdec526eee938e26,newRoot,box,measured,colliders,elapsed_us,build,2,3,1.05,-0.8,1.05,0.8,True,True
player11-6bad76e3,IL2CPP,ac74cac748fd6e6ebd6d35c6cdd90d5b116a231b61a1104ebdec526eee938e26,newRoot,box,measured,colliders,thread_cycles,build,2,3,2208.5,-1809.5,2208.5,1809.5,True,True
player11-6bad76e3,IL2CPP,ac74cac748fd6e6ebd6d35c6cdd90d5b116a231b61a1104ebdec526eee938e26,newRoot,box,measured,BuildSide,elapsed_us,build,0,1,9.850000000000001,-10.45,9.850000000000001,10.45,True,True
player11-6bad76e3,IL2CPP,ac74cac748fd6e6ebd6d35c6cdd90d5b116a231b61a1104ebdec526eee938e26,newRoot,box,measured,BuildSide,thread_cycles,build,0,1,20625.5,-21882.5,20625.5,21882.5,True,True
player11-6bad76e3,IL2CPP,ac74cac748fd6e6ebd6d35c6cdd90d5b116a231b61a1104ebdec526eee938e26,newRoot,box,measured,BuildSide,elapsed_us,build,2,3,11.2,-10.3,11.2,10.3,True,True
player11-6bad76e3,IL2CPP,ac74cac748fd6e6ebd6d35c6cdd90d5b116a231b61a1104ebdec526eee938e26,newRoot,box,measured,BuildSide,thread_cycles,build,2,3,23722.0,-21643.5,23722.0,21643.5,True,True
player11-6bad76e3,IL2CPP,ac74cac748fd6e6ebd6d35c6cdd90d5b116a231b61a1104ebdec526eee938e26,newRoot,box,measured,SetActive,elapsed_us,activation,0,2,3.95,15.95,-3.95,15.95,False,False
player11-6bad76e3,IL2CPP,ac74cac748fd6e6ebd6d35c6cdd90d5b116a231b61a1104ebdec526eee938e26,newRoot,box,measured,SetActive,thread_cycles,activation,0,2,8345.0,33677.0,-8345.0,33677.0,False,False
player11-6bad76e3,IL2CPP,ac74cac748fd6e6ebd6d35c6cdd90d5b116a231b61a1104ebdec526eee938e26,newRoot,box,measured,SetActive,elapsed_us,activation,1,3,3.35,15.3,-3.35,15.3,False,False
player11-6bad76e3,IL2CPP,ac74cac748fd6e6ebd6d35c6cdd90d5b116a231b61a1104ebdec526eee938e26,newRoot,box,measured,SetActive,thread_cycles,activation,1,3,7184.5,32335.0,-7184.5,32335.0,False,False
player11-6bad76e3,IL2CPP,ac74cac748fd6e6ebd6d35c6cdd90d5b116a231b61a1104ebdec526eee938e26,newRoot,box,measured,newRoot,elapsed_us,build,0,1,2.1500000000000004,-2.55,2.1500000000000004,2.55,True,True
player11-6bad76e3,IL2CPP,ac74cac748fd6e6ebd6d35c6cdd90d5b116a231b61a1104ebdec526eee938e26,newRoot,box,measured,newRoot,thread_cycles,build,0,1,4590.0,-5535.5,4590.0,5535.5,True,True
player11-6bad76e3,IL2CPP,ac74cac748fd6e6ebd6d35c6cdd90d5b116a231b61a1104ebdec526eee938e26,newRoot,box,measured,newRoot,elapsed_us,build,2,3,2.4000000000000004,-2.1500000000000004,2.4000000000000004,2.1500000000000004,True,True
player11-6bad76e3,IL2CPP,ac74cac748fd6e6ebd6d35c6cdd90d5b116a231b61a1104ebdec526eee938e26,newRoot,box,measured,newRoot,thread_cycles,build,2,3,5239.5,-4710.5,5239.5,4710.5,True,True
player11-6bad76e3,IL2CPP,ac74cac748fd6e6ebd6d35c6cdd90d5b116a231b61a1104ebdec526eee938e26,newRoot,character,warmup,objects,elapsed_us,build,0,1,9.700000000000001,-11.200000000000001,9.700000000000001,11.200000000000001,True,True
player11-6bad76e3,IL2CPP,ac74cac748fd6e6ebd6d35c6cdd90d5b116a231b61a1104ebdec526eee938e26,newRoot,character,warmup,objects,thread_cycles,build,0,1,20479.0,-23967.0,20479.0,23967.0,True,True
player11-6bad76e3,IL2CPP,ac74cac748fd6e6ebd6d35c6cdd90d5b116a231b61a1104ebdec526eee938e26,newRoot,character,warmup,objects,elapsed_us,build,2,3,23.400000000000002,-10.8,23.400000000000002,10.8,True,True
player11-6bad76e3,IL2CPP,ac74cac748fd6e6ebd6d35c6cdd90d5b116a231b61a1104ebdec526eee938e26,newRoot,character,warmup,objects,thread_cycles,build,2,3,48928.0,-22723.0,48928.0,22723.0,True,True
player11-6bad76e3,IL2CPP,ac74cac748fd6e6ebd6d35c6cdd90d5b116a231b61a1104ebdec526eee938e26,newRoot,character,warmup,colliders,elapsed_us,build,0,1,5.4,3.3000000000000003,5.4,-3.3000000000000003,False,False
player11-6bad76e3,IL2CPP,ac74cac748fd6e6ebd6d35c6cdd90d5b116a231b61a1104ebdec526eee938e26,newRoot,character,warmup,colliders,thread_cycles,build,0,1,11318.0,6999.0,11318.0,-6999.0,False,False
player11-6bad76e3,IL2CPP,ac74cac748fd6e6ebd6d35c6cdd90d5b116a231b61a1104ebdec526eee938e26,newRoot,character,warmup,colliders,elapsed_us,build,2,3,9.8,2.4000000000000004,9.8,-2.4000000000000004,False,False
player11-6bad76e3,IL2CPP,ac74cac748fd6e6ebd6d35c6cdd90d5b116a231b61a1104ebdec526eee938e26,newRoot,character,warmup,colliders,thread_cycles,build,2,3,20419.0,4932.0,20419.0,-4932.0,False,False
player11-6bad76e3,IL2CPP,ac74cac748fd6e6ebd6d35c6cdd90d5b116a231b61a1104ebdec526eee938e26,newRoot,character,warmup,BuildSide,elapsed_us,build,0,1,15.4,-8.3,15.4,8.3,True,True
player11-6bad76e3,IL2CPP,ac74cac748fd6e6ebd6d35c6cdd90d5b116a231b61a1104ebdec526eee938e26,newRoot,character,warmup,BuildSide,thread_cycles,build,0,1,32703.0,-17911.0,32703.0,17911.0,True,True
player11-6bad76e3,IL2CPP,ac74cac748fd6e6ebd6d35c6cdd90d5b116a231b61a1104ebdec526eee938e26,newRoot,character,warmup,BuildSide,elapsed_us,build,2,3,33.800000000000004,-9.1,33.800000000000004,9.1,True,True
player11-6bad76e3,IL2CPP,ac74cac748fd6e6ebd6d35c6cdd90d5b116a231b61a1104ebdec526eee938e26,newRoot,character,warmup,BuildSide,thread_cycles,build,2,3,71209.0,-19417.0,71209.0,19417.0,True,True
player11-6bad76e3,IL2CPP,ac74cac748fd6e6ebd6d35c6cdd90d5b116a231b61a1104ebdec526eee938e26,newRoot,character,warmup,SetActive,elapsed_us,activation,0,2,9.1,41.5,-9.1,41.5,False,False
player11-6bad76e3,IL2CPP,ac74cac748fd6e6ebd6d35c6cdd90d5b116a231b61a1104ebdec526eee938e26,newRoot,character,warmup,SetActive,thread_cycles,activation,0,2,19348.0,87768.0,-19348.0,87768.0,False,False
player11-6bad76e3,IL2CPP,ac74cac748fd6e6ebd6d35c6cdd90d5b116a231b61a1104ebdec526eee938e26,newRoot,character,warmup,SetActive,elapsed_us,activation,1,3,8.3,17.6,-8.3,17.6,False,False
player11-6bad76e3,IL2CPP,ac74cac748fd6e6ebd6d35c6cdd90d5b116a231b61a1104ebdec526eee938e26,newRoot,character,warmup,SetActive,thread_cycles,activation,1,3,17623.0,37215.0,-17623.0,37215.0,False,False
player11-6bad76e3,IL2CPP,ac74cac748fd6e6ebd6d35c6cdd90d5b116a231b61a1104ebdec526eee938e26,newRoot,character,warmup,newRoot,elapsed_us,build,0,1,2.4000000000000004,-4.5,2.4000000000000004,4.5,True,True
player11-6bad76e3,IL2CPP,ac74cac748fd6e6ebd6d35c6cdd90d5b116a231b61a1104ebdec526eee938e26,newRoot,character,warmup,newRoot,thread_cycles,build,0,1,5533.0,-9456.0,5533.0,9456.0,True,True
player11-6bad76e3,IL2CPP,ac74cac748fd6e6ebd6d35c6cdd90d5b116a231b61a1104ebdec526eee938e26,newRoot,character,warmup,newRoot,elapsed_us,build,2,3,10.0,-3.7,10.0,3.7,True,True
player11-6bad76e3,IL2CPP,ac74cac748fd6e6ebd6d35c6cdd90d5b116a231b61a1104ebdec526eee938e26,newRoot,character,warmup,newRoot,thread_cycles,build,2,3,21134.0,-8090.0,21134.0,8090.0,True,True
player11-6bad76e3,IL2CPP,ac74cac748fd6e6ebd6d35c6cdd90d5b116a231b61a1104ebdec526eee938e26,newRoot,character,measured,objects,elapsed_us,build,0,1,9.55,-10.4,9.55,10.4,True,True
player11-6bad76e3,IL2CPP,ac74cac748fd6e6ebd6d35c6cdd90d5b116a231b61a1104ebdec526eee938e26,newRoot,character,measured,objects,thread_cycles,build,0,1,20237.5,-22064.5,20237.5,22064.5,True,True
player11-6bad76e3,IL2CPP,ac74cac748fd6e6ebd6d35c6cdd90d5b116a231b61a1104ebdec526eee938e26,newRoot,character,measured,objects,elapsed_us,build,2,3,9.350000000000001,-9.600000000000001,9.350000000000001,9.600000000000001,True,True
player11-6bad76e3,IL2CPP,ac74cac748fd6e6ebd6d35c6cdd90d5b116a231b61a1104ebdec526eee938e26,newRoot,character,measured,objects,thread_cycles,build,2,3,19941.5,-20287.0,19941.5,20287.0,True,True
player11-6bad76e3,IL2CPP,ac74cac748fd6e6ebd6d35c6cdd90d5b116a231b61a1104ebdec526eee938e26,newRoot,character,measured,colliders,elapsed_us,build,0,1,5.800000000000001,3.1500000000000004,5.800000000000001,-3.1500000000000004,False,False
player11-6bad76e3,IL2CPP,ac74cac748fd6e6ebd6d35c6cdd90d5b116a231b61a1104ebdec526eee938e26,newRoot,character,measured,colliders,thread_cycles,build,0,1,12323.0,6602.0,12323.0,-6602.0,False,False
player11-6bad76e3,IL2CPP,ac74cac748fd6e6ebd6d35c6cdd90d5b116a231b61a1104ebdec526eee938e26,newRoot,character,measured,colliders,elapsed_us,build,2,3,5.450000000000001,3.1,5.450000000000001,-3.1,False,False
player11-6bad76e3,IL2CPP,ac74cac748fd6e6ebd6d35c6cdd90d5b116a231b61a1104ebdec526eee938e26,newRoot,character,measured,colliders,thread_cycles,build,2,3,11496.5,6574.0,11496.5,-6574.0,False,False
player11-6bad76e3,IL2CPP,ac74cac748fd6e6ebd6d35c6cdd90d5b116a231b61a1104ebdec526eee938e26,newRoot,character,measured,BuildSide,elapsed_us,build,0,1,15.9,-7.1,15.9,7.1,True,True
player11-6bad76e3,IL2CPP,ac74cac748fd6e6ebd6d35c6cdd90d5b116a231b61a1104ebdec526eee938e26,newRoot,character,measured,BuildSide,thread_cycles,build,0,1,33834.0,-15076.0,33834.0,15076.0,True,True
player11-6bad76e3,IL2CPP,ac74cac748fd6e6ebd6d35c6cdd90d5b116a231b61a1104ebdec526eee938e26,newRoot,character,measured,BuildSide,elapsed_us,build,2,3,15.5,-6.85,15.5,6.85,True,True
player11-6bad76e3,IL2CPP,ac74cac748fd6e6ebd6d35c6cdd90d5b116a231b61a1104ebdec526eee938e26,newRoot,character,measured,BuildSide,thread_cycles,build,2,3,32699.0,-14682.5,32699.0,14682.5,True,True
player11-6bad76e3,IL2CPP,ac74cac748fd6e6ebd6d35c6cdd90d5b116a231b61a1104ebdec526eee938e26,newRoot,character,measured,SetActive,elapsed_us,activation,0,2,8.95,23.55,-8.95,23.55,False,False
player11-6bad76e3,IL2CPP,ac74cac748fd6e6ebd6d35c6cdd90d5b116a231b61a1104ebdec526eee938e26,newRoot,character,measured,SetActive,thread_cycles,activation,0,2,18957.0,49700.5,-18957.0,49700.5,False,False
player11-6bad76e3,IL2CPP,ac74cac748fd6e6ebd6d35c6cdd90d5b116a231b61a1104ebdec526eee938e26,newRoot,character,measured,SetActive,elapsed_us,activation,1,3,8.7,22.3,-8.7,22.3,False,False
player11-6bad76e3,IL2CPP,ac74cac748fd6e6ebd6d35c6cdd90d5b116a231b61a1104ebdec526eee938e26,newRoot,character,measured,SetActive,thread_cycles,activation,1,3,18194.5,47071.5,-18194.5,47071.5,False,False
player11-6bad76e3,IL2CPP,ac74cac748fd6e6ebd6d35c6cdd90d5b116a231b61a1104ebdec526eee938e26,newRoot,character,measured,newRoot,elapsed_us,build,0,1,2.8000000000000003,-3.25,2.8000000000000003,3.25,True,True
player11-6bad76e3,IL2CPP,ac74cac748fd6e6ebd6d35c6cdd90d5b116a231b61a1104ebdec526eee938e26,newRoot,character,measured,newRoot,thread_cycles,build,0,1,5931.5,-6776.5,5931.5,6776.5,True,True
player11-6bad76e3,IL2CPP,ac74cac748fd6e6ebd6d35c6cdd90d5b116a231b61a1104ebdec526eee938e26,newRoot,character,measured,newRoot,elapsed_us,build,2,3,2.75,-2.95,2.75,2.95,True,True
player11-6bad76e3,IL2CPP,ac74cac748fd6e6ebd6d35c6cdd90d5b116a231b61a1104ebdec526eee938e26,newRoot,character,measured,newRoot,thread_cycles,build,2,3,5786.5,-6478.0,5786.5,6478.0,True,True
