level,run,case,round,baseline_mean_us,candidate_mean_us,paired_delta_us,paired_delta_percent,round_count,samples_per_version,baseline_batch_median_us,candidate_batch_median_us,difference_of_batch_medians_us,paired_delta_us_median,paired_delta_percent_median,process_count,baseline_batch_median_us_min_run,baseline_batch_median_us_max_run,candidate_batch_median_us_min_run,candidate_batch_median_us_max_run,difference_of_batch_medians_us_min_run,difference_of_batch_medians_us_max_run,paired_delta_us_median_min_run,paired_delta_us_median_max_run,paired_delta_percent_median_min_run,paired_delta_percent_median_max_run,difference_of_two_process_version_representatives_us
round,run1-paired-mass,box,0,5.129345703125,4.790869140625,-0.33847656249999947,-6.598825310093375,,,,,,,,,,,,,,,,,,,
round,run1-paired-mass,box,1,4.680078125,4.60009765625,-0.07998046874999964,-1.7089558467573585,,,,,,,,,,,,,,,,,,,
round,run1-paired-mass,box,2,4.7138671875,4.57802734375,-0.13583984375000036,-2.8817070644292597,,,,,,,,,,,,,,,,,,,
round,run1-paired-mass,box,3,4.759472656250001,4.530419921875,-0.22905273437500107,-4.812565402055954,,,,,,,,,,,,,,,,,,,
round,run1-paired-mass,box,4,5.063037109374999,4.5767578125,-0.48627929687499893,-9.604497979573907,,,,,,,,,,,,,,,,,,,
round,run1-paired-mass,box,5,6.94638671875,6.851904296875,-0.094482421875,-1.360166453445052,,,,,,,,,,,,,,,,,,,
round,run1-paired-mass,box,6,5.792138671875,5.309277343750001,-0.48286132812499893,-8.336494608971261,,,,,,,,,,,,,,,,,,,
round,run1-paired-mass,box,7,5.42197265625,5.50439453125,0.08242187499999964,1.5201455305199767,,,,,,,,,,,,,,,,,,,
round,run1-paired-mass,character,0,4.4830078125,4.6650390625,0.18203124999999964,4.060471398074317,,,,,,,,,,,,,,,,,,,
round,run1-paired-mass,character,1,4.686230468750001,4.708837890625,0.022607421874999645,0.4824223227123936,,,,,,,,,,,,,,,,,,,
round,run1-paired-mass,character,2,4.5248046875,4.63486328125,0.11005859375000071,2.4323391030345047,,,,,,,,,,,,,,,,,,,
round,run1-paired-mass,character,3,4.7212890625,4.540869140625,-0.180419921875,-3.8214123195300544,,,,,,,,,,,,,,,,,,,
round,run1-paired-mass,character,4,4.797119140625,4.863232421875,0.06611328124999982,1.3781871850984746,,,,,,,,,,,,,,,,,,,
round,run1-paired-mass,character,5,4.9755859375,4.889453124999999,-0.08613281250000071,-1.7311089303238614,,,,,,,,,,,,,,,,,,,
round,run1-paired-mass,character,6,5.00517578125,4.919140625,-0.08603515625000036,-1.7189237703158908,,,,,,,,,,,,,,,,,,,
round,run1-paired-mass,character,7,5.2802734375,5.070019531250001,-0.2102539062499993,-3.9818753467726884,,,,,,,,,,,,,,,,,,,
round,run2-paired-mass,box,0,3.95263671875,3.95673828125,0.004101562499999822,0.10376775787522713,,,,,,,,,,,,,,,,,,,
round,run2-paired-mass,box,1,3.975830078125,3.939208984375,-0.03662109375,-0.9210930303960699,,,,,,,,,,,,,,,,,,,
round,run2-paired-mass,box,2,4.079150390625,3.97900390625,-0.10014648437500018,-2.4550819358159512,,,,,,,,,,,,,,,,,,,
round,run2-paired-mass,box,3,3.953564453125,3.932470703125,-0.02109374999999991,-0.5335375267077501,,,,,,,,,,,,,,,,,,,
round,run2-paired-mass,box,4,4.03017578125,3.9461425781250004,-0.08403320312499929,-2.0851001962732143,,,,,,,,,,,,,,,,,,,
round,run2-paired-mass,box,5,3.9388183593750004,3.96318359375,0.024365234374999822,0.6185924851550155,,,,,,,,,,,,,,,,,,,
round,run2-paired-mass,box,6,4.039501953125,3.9064453125,-0.133056640625,-3.2938872704855613,,,,,,,,,,,,,,,,,,,
round,run2-paired-mass,box,7,3.919677734375,3.897900390625,-0.021777343750000178,-0.5555901588290297,,,,,,,,,,,,,,,,,,,
round,run2-paired-mass,character,0,4.280224609375001,4.37880859375,0.09858398437499893,2.303243249409619,,,,,,,,,,,,,,,,,,,
round,run2-paired-mass,character,1,4.179931640625,4.2326171875,0.05268554687499982,1.260440394836746,,,,,,,,,,,,,,,,,,,
round,run2-paired-mass,character,2,4.046484375,4.045605468750001,-0.0008789062499996447,-0.021720243266715806,,,,,,,,,,,,,,,,,,,
round,run2-paired-mass,character,3,4.011474609375,3.890380859375,-0.12109375,-3.018684194510377,,,,,,,,,,,,,,,,,,,
round,run2-paired-mass,character,4,3.9288085937500004,3.9033203125,-0.025488281250000355,-0.6487534488329985,,,,,,,,,,,,,,,,,,,
round,run2-paired-mass,character,5,4.044628906250001,3.97587890625,-0.06875000000000053,-1.6997851123934746,,,,,,,,,,,,,,,,,,,
round,run2-paired-mass,character,6,3.9197265625,3.895263671875,-0.024462890625000178,-0.6240968658129499,,,,,,,,,,,,,,,,,,,
round,run2-paired-mass,character,7,3.958642578125,3.871337890625,-0.08730468750000009,-2.2054198068407507,,,,,,,,,,,,,,,,,,,
run,run1-paired-mass,box,,,,,,8,16,5.129345703125,4.658447265625,-0.4708984374999998,-0.1824462890625007,-3.847136233242607,,,,,,,,,,,,
run,run1-paired-mass,character,,,,,,8,16,4.797119140625,4.856249999999999,0.05913085937499929,-0.031713867187500355,-0.6182507238017486,,,,,,,,,,,,
run,run2-paired-mass,box,,,,,,8,16,3.969140625,3.9484375,-0.020703125000000266,-0.02919921875000009,-0.7383415946125498,,,,,,,,,,,,
run,run2-paired-mass,character,,,,,,8,16,4.016796875,3.91162109375,-0.10517578124999982,-0.024975585937500266,-0.6364251573229742,,,,,,,,,,,,
two_process,,box,,,,,,,,4.5492431640625,4.3034423828125,-0.24580078125000004,-0.1058227539062504,-2.2927389139275784,2,3.969140625,5.129345703125,3.9484375,4.658447265625,-0.4708984374999998,-0.020703125000000266,-0.1824462890625007,-0.02919921875000009,-3.847136233242607,-0.7383415946125498,-0.24580078124999982
two_process,,character,,,,,,,,4.4069580078125,4.383935546875,-0.023022460937500266,-0.02834472656250031,-0.6273379405623614,2,4.016796875,4.797119140625,3.91162109375,4.856249999999999,-0.10517578124999982,0.05913085937499929,-0.031713867187500355,-0.024975585937500266,-0.6364251573229742,-0.6182507238017486,-0.02302246093750071
