level,run,variant,source,case,region,role,samples,run_count,median_us,p95_us,min_run_median_us,max_run_median_us,run_median_spread_us,run_median_spread_percent,baseline_median_us,delta_us,delta_percent,target_metric,allocation_status,median_bytes_per_iteration
run,run01-baseline,baseline,physics,box,adopt_colliders,representative,64,1,2.7,2.8,,,,,,,,True,unavailable,
run,run01-baseline,baseline,physics,box,box_mass_divide,representative,8,1,3.86123046875,3.9557958984374997,,,,,,,,True,unavailable,
run,run01-baseline,baseline,physics,box,prepare_colliders,representative,64,1,4.3,5.284999999999999,,,,,,,,True,unavailable,
run,run01-baseline,baseline,physics,box,provisional_build,representative,64,1,35.95,38.14,,,,,,,,True,unavailable,
run,run01-baseline,baseline,physics,box,shape_pair_create_dispose,representative,8,1,1.753515625,1.79513671875,,,,,,,,True,unavailable,
run,run01-baseline,baseline,physics,character,adopt_colliders,representative,64,1,10.4,11.385,,,,,,,,True,unavailable,
run,run01-baseline,baseline,physics,character,box_mass_divide,representative,8,1,3.8412109375,3.890263671875,,,,,,,,True,unavailable,
run,run01-baseline,baseline,physics,character,prepare_colliders,representative,64,1,18.4,22.869999999999987,,,,,,,,True,unavailable,
run,run01-baseline,baseline,physics,character,provisional_build,representative,64,1,73.5,86.51499999999999,,,,,,,,True,unavailable,
run,run01-baseline,baseline,physics,character,shape_pair_create_dispose,representative,8,1,5.44921875,5.813671875,,,,,,,,True,unavailable,
run,run01-baseline,baseline,registration,highwater2048_live16,late_duplicate,stress,8,1,2.0826171875000004,2.198453369140625,,,,,,,,True,unavailable,
run,run01-baseline,baseline,registration,highwater2048_live16,unregistered,stress,8,1,1.9411376953125,2.095682373046875,,,,,,,,True,unavailable,
run,run01-baseline,baseline,registration,live16,late_duplicate,representative,8,1,0.020800781249999997,0.025521240234375,,,,,,,,True,unavailable,
run,run01-baseline,baseline,registration,live16,unregistered,representative,8,1,0.02088623046875,0.020914306640625,,,,,,,,True,unavailable,
run,run01-baseline,baseline,registration,live32,late_duplicate,representative,8,1,0.04468994140625,0.051541748046874995,,,,,,,,True,unavailable,
run,run01-baseline,baseline,registration,live32,unregistered,representative,8,1,0.049230957031249994,0.050841064453125,,,,,,,,True,unavailable,
run,run01-baseline,baseline,registration,live512,late_duplicate,stress,8,1,0.695361328125,0.700335693359375,,,,,,,,True,unavailable,
run,run01-baseline,baseline,registration,live512,unregistered,stress,8,1,0.69024658203125,0.698753662109375,,,,,,,,True,unavailable,
run,run02-o1,o1,physics,box,adopt_colliders,representative,64,1,2.6,2.8,,,,,,,,False,unavailable,
run,run02-o1,o1,physics,box,box_mass_divide,representative,8,1,3.795947265625,3.94345703125,,,,,,,,False,unavailable,
run,run02-o1,o1,physics,box,prepare_colliders,representative,64,1,4.3,5.2,,,,,,,,False,unavailable,
run,run02-o1,o1,physics,box,provisional_build,representative,64,1,35.05,37.855,,,,,,,,False,unavailable,
run,run02-o1,o1,physics,box,shape_pair_create_dispose,representative,8,1,1.8294921875,2.26646484375,,,,,,,,False,unavailable,
run,run02-o1,o1,physics,character,adopt_colliders,representative,64,1,10.6,11.6,,,,,,,,False,unavailable,
run,run02-o1,o1,physics,character,box_mass_divide,representative,8,1,3.7265625,3.7892187500000003,,,,,,,,False,unavailable,
run,run02-o1,o1,physics,character,prepare_colliders,representative,64,1,19.15,21.685,,,,,,,,False,unavailable,
run,run02-o1,o1,physics,character,provisional_build,representative,64,1,73.45,97.91499999999999,,,,,,,,False,unavailable,
run,run02-o1,o1,physics,character,shape_pair_create_dispose,representative,8,1,5.491796875,5.60341796875,,,,,,,,False,unavailable,
run,run02-o1,o1,registration,highwater2048_live16,late_duplicate,stress,8,1,0.001904296875,0.001920166015625,,,,,,,,True,unavailable,
run,run02-o1,o1,registration,highwater2048_live16,unregistered,stress,8,1,0.001708984375,0.001708984375,,,,,,,,True,unavailable,
run,run02-o1,o1,registration,live16,late_duplicate,representative,8,1,0.001904296875,0.001904296875,,,,,,,,True,unavailable,
run,run02-o1,o1,registration,live16,unregistered,representative,8,1,0.001708984375,0.0017333984375,,,,,,,,True,unavailable,
run,run02-o1,o1,registration,live32,late_duplicate,representative,8,1,0.001904296875,0.001920166015625,,,,,,,,True,unavailable,
run,run02-o1,o1,registration,live32,unregistered,representative,8,1,0.001708984375,0.0017333984375,,,,,,,,True,unavailable,
run,run02-o1,o1,registration,live512,late_duplicate,stress,8,1,0.001904296875,0.001904296875,,,,,,,,True,unavailable,
run,run02-o1,o1,registration,live512,unregistered,stress,8,1,0.001708984375,0.0017333984375,,,,,,,,True,unavailable,
run,run03-view,view,physics,box,adopt_colliders,representative,64,1,2.7,3.0,,,,,,,,False,unavailable,
run,run03-view,view,physics,box,box_mass_divide,representative,8,1,3.90205078125,4.0431640625,,,,,,,,False,unavailable,
run,run03-view,view,physics,box,prepare_colliders,representative,64,1,4.4,5.939999999999998,,,,,,,,False,unavailable,
run,run03-view,view,physics,box,provisional_build,representative,64,1,34.75,39.23499999999999,,,,,,,,True,unavailable,
run,run03-view,view,physics,box,shape_pair_create_dispose,representative,8,1,1.183984375,1.21380859375,,,,,,,,True,unavailable,
run,run03-view,view,physics,character,adopt_colliders,representative,64,1,10.5,10.885,,,,,,,,False,unavailable,
run,run03-view,view,physics,character,box_mass_divide,representative,8,1,3.914111328125,3.9588427734375,,,,,,,,False,unavailable,
run,run03-view,view,physics,character,prepare_colliders,representative,64,1,18.9,21.839999999999996,,,,,,,,False,unavailable,
run,run03-view,view,physics,character,provisional_build,representative,64,1,69.3,79.38,,,,,,,,True,unavailable,
run,run03-view,view,physics,character,shape_pair_create_dispose,representative,8,1,3.1421875000000004,3.158125,,,,,,,,True,unavailable,
run,run03-view,view,registration,highwater2048_live16,late_duplicate,stress,8,1,1.9343383789062498,2.076019287109375,,,,,,,,False,unavailable,
run,run03-view,view,registration,highwater2048_live16,unregistered,stress,8,1,2.02679443359375,2.046165771484375,,,,,,,,False,unavailable,
run,run03-view,view,registration,live16,late_duplicate,representative,8,1,0.020458984375,0.022283935546874998,,,,,,,,False,unavailable,
run,run03-view,view,registration,live16,unregistered,representative,8,1,0.0204833984375,0.022889404296875,,,,,,,,False,unavailable,
run,run03-view,view,registration,live32,late_duplicate,representative,8,1,0.0481201171875,0.0487255859375,,,,,,,,False,unavailable,
run,run03-view,view,registration,live32,unregistered,representative,8,1,0.0481689453125,0.07009033203125,,,,,,,,False,unavailable,
run,run03-view,view,registration,live512,late_duplicate,stress,8,1,0.65498046875,0.668487548828125,,,,,,,,False,unavailable,
run,run03-view,view,registration,live512,unregistered,stress,8,1,0.64923095703125,0.665853271484375,,,,,,,,False,unavailable,
run,run04-colliders,colliders,physics,box,adopt_colliders,representative,64,1,2.6,2.7,,,,,,,,True,unavailable,
run,run04-colliders,colliders,physics,box,box_mass_divide,representative,8,1,3.742724609375,4.0038671875,,,,,,,,False,unavailable,
run,run04-colliders,colliders,physics,box,prepare_colliders,representative,64,1,4.3,4.984999999999999,,,,,,,,True,unavailable,
run,run04-colliders,colliders,physics,box,provisional_build,representative,64,1,34.9,37.4,,,,,,,,False,unavailable,
run,run04-colliders,colliders,physics,box,shape_pair_create_dispose,representative,8,1,1.6904296875,1.8255664062499999,,,,,,,,False,unavailable,
run,run04-colliders,colliders,physics,character,adopt_colliders,representative,64,1,10.4,10.87,,,,,,,,True,unavailable,
run,run04-colliders,colliders,physics,character,box_mass_divide,representative,8,1,3.755712890625,3.820751953125,,,,,,,,False,unavailable,
run,run04-colliders,colliders,physics,character,prepare_colliders,representative,64,1,18.7,20.5,,,,,,,,True,unavailable,
run,run04-colliders,colliders,physics,character,provisional_build,representative,64,1,73.0,83.68499999999996,,,,,,,,False,unavailable,
run,run04-colliders,colliders,physics,character,shape_pair_create_dispose,representative,8,1,5.241992187499999,5.488046875,,,,,,,,False,unavailable,
run,run04-colliders,colliders,registration,highwater2048_live16,late_duplicate,stress,8,1,2.216650390625,2.2557617187499996,,,,,,,,False,unavailable,
run,run04-colliders,colliders,registration,highwater2048_live16,unregistered,stress,8,1,1.871484375,1.989093017578125,,,,,,,,False,unavailable,
run,run04-colliders,colliders,registration,live16,late_duplicate,representative,8,1,0.0203857421875,0.020401611328125,,,,,,,,False,unavailable,
run,run04-colliders,colliders,registration,live16,unregistered,representative,8,1,0.02017822265625,0.0283837890625,,,,,,,,False,unavailable,
run,run04-colliders,colliders,registration,live32,late_duplicate,representative,8,1,0.048291015625,0.048355712890625,,,,,,,,False,unavailable,
run,run04-colliders,colliders,registration,live32,unregistered,representative,8,1,0.04820556640625,0.049642333984374995,,,,,,,,False,unavailable,
run,run04-colliders,colliders,registration,live512,late_duplicate,stress,8,1,0.65013427734375,0.6770104980468751,,,,,,,,False,unavailable,
run,run04-colliders,colliders,registration,live512,unregistered,stress,8,1,0.646337890625,0.666234130859375,,,,,,,,False,unavailable,
run,run05-mass,mass,physics,box,adopt_colliders,representative,64,1,3.1,3.6,,,,,,,,False,unavailable,
run,run05-mass,mass,physics,box,box_mass_divide,representative,8,1,4.0462890625,4.106640625,,,,,,,,True,unavailable,
run,run05-mass,mass,physics,box,prepare_colliders,representative,64,1,5.55,7.054999999999998,,,,,,,,False,unavailable,
run,run05-mass,mass,physics,box,provisional_build,representative,64,1,42.7,49.55999999999999,,,,,,,,True,unavailable,
run,run05-mass,mass,physics,box,shape_pair_create_dispose,representative,8,1,2.0074218750000004,2.0501953125,,,,,,,,False,unavailable,
run,run05-mass,mass,physics,character,adopt_colliders,representative,64,1,11.4,11.9,,,,,,,,False,unavailable,
run,run05-mass,mass,physics,character,box_mass_divide,representative,8,1,4.49609375,4.5916162109375,,,,,,,,True,unavailable,
run,run05-mass,mass,physics,character,prepare_colliders,representative,64,1,20.6,21.7,,,,,,,,False,unavailable,
run,run05-mass,mass,physics,character,provisional_build,representative,64,1,78.65,81.27,,,,,,,,True,unavailable,
run,run05-mass,mass,physics,character,shape_pair_create_dispose,representative,8,1,6.2310546875,7.065917968749999,,,,,,,,False,unavailable,
run,run05-mass,mass,registration,highwater2048_live16,late_duplicate,stress,8,1,1.92685546875,2.022696533203125,,,,,,,,False,unavailable,
run,run05-mass,mass,registration,highwater2048_live16,unregistered,stress,8,1,1.92711181640625,2.030726318359375,,,,,,,,False,unavailable,
run,run05-mass,mass,registration,live16,late_duplicate,representative,8,1,0.025097656250000003,0.025146484375,,,,,,,,False,unavailable,
run,run05-mass,mass,registration,live16,unregistered,representative,8,1,0.02529296875,0.0346044921875,,,,,,,,False,unavailable,
run,run05-mass,mass,registration,live32,late_duplicate,representative,8,1,0.0604248046875,0.060919189453124994,,,,,,,,False,unavailable,
run,run05-mass,mass,registration,live32,unregistered,representative,8,1,0.05933837890625,0.060242919921875,,,,,,,,False,unavailable,
run,run05-mass,mass,registration,live512,late_duplicate,stress,8,1,0.7716796875,0.791575927734375,,,,,,,,False,unavailable,
run,run05-mass,mass,registration,live512,unregistered,stress,8,1,0.80640869140625,0.8387780761718749,,,,,,,,False,unavailable,
run,run06-all,all,physics,box,adopt_colliders,representative,64,1,2.5,2.7,,,,,,,,True,unavailable,
run,run06-all,all,physics,box,box_mass_divide,representative,8,1,3.722998046875,3.8098193359375,,,,,,,,True,unavailable,
run,run06-all,all,physics,box,prepare_colliders,representative,64,1,4.3,4.7,,,,,,,,True,unavailable,
run,run06-all,all,physics,box,provisional_build,representative,64,1,34.0,37.155,,,,,,,,True,unavailable,
run,run06-all,all,physics,box,shape_pair_create_dispose,representative,8,1,2.4611328125,3.7961914062499993,,,,,,,,True,unavailable,
run,run06-all,all,physics,character,adopt_colliders,representative,64,1,10.3,12.904999999999992,,,,,,,,True,unavailable,
run,run06-all,all,physics,character,box_mass_divide,representative,8,1,3.9603027343750004,4.573945312499999,,,,,,,,True,unavailable,
run,run06-all,all,physics,character,prepare_colliders,representative,64,1,18.85,21.585,,,,,,,,True,unavailable,
run,run06-all,all,physics,character,provisional_build,representative,64,1,69.30000000000001,87.48999999999998,,,,,,,,True,unavailable,
run,run06-all,all,physics,character,shape_pair_create_dispose,representative,8,1,3.1275390625000004,3.5131640625,,,,,,,,True,unavailable,
run,run06-all,all,registration,highwater2048_live16,late_duplicate,stress,8,1,0.001904296875,0.001904296875,,,,,,,,True,unavailable,
run,run06-all,all,registration,highwater2048_live16,unregistered,stress,8,1,0.001904296875,0.001904296875,,,,,,,,True,unavailable,
run,run06-all,all,registration,live16,late_duplicate,representative,8,1,0.001904296875,0.001904296875,,,,,,,,True,unavailable,
run,run06-all,all,registration,live16,unregistered,representative,8,1,0.0017333984375,0.0019287109375,,,,,,,,True,unavailable,
run,run06-all,all,registration,live32,late_duplicate,representative,8,1,0.001904296875,0.008188476562499995,,,,,,,,True,unavailable,
run,run06-all,all,registration,live32,unregistered,representative,8,1,0.001904296875,0.0028564453124999994,,,,,,,,True,unavailable,
run,run06-all,all,registration,live512,late_duplicate,stress,8,1,0.001904296875,0.001904296875,,,,,,,,True,unavailable,
run,run06-all,all,registration,live512,unregistered,stress,8,1,0.00189208984375,0.001904296875,,,,,,,,True,unavailable,
run,run07-all,all,physics,box,adopt_colliders,representative,64,1,2.8,3.7699999999999987,,,,,,,,True,unavailable,
run,run07-all,all,physics,box,box_mass_divide,representative,8,1,4.1896484375,4.4720849609375,,,,,,,,True,unavailable,
run,run07-all,all,physics,box,prepare_colliders,representative,64,1,4.7,6.054999999999998,,,,,,,,True,unavailable,
run,run07-all,all,physics,box,provisional_build,representative,64,1,36.55,55.56999999999992,,,,,,,,True,unavailable,
run,run07-all,all,physics,box,shape_pair_create_dispose,representative,8,1,1.4498046875,1.470703125,,,,,,,,True,unavailable,
run,run07-all,all,physics,character,adopt_colliders,representative,64,1,10.8,11.3,,,,,,,,True,unavailable,
run,run07-all,all,physics,character,box_mass_divide,representative,8,1,4.25341796875,4.389677734375,,,,,,,,True,unavailable,
run,run07-all,all,physics,character,prepare_colliders,representative,64,1,19.1,21.379999999999995,,,,,,,,True,unavailable,
run,run07-all,all,physics,character,provisional_build,representative,64,1,72.15,77.88999999999999,,,,,,,,True,unavailable,
run,run07-all,all,physics,character,shape_pair_create_dispose,representative,8,1,3.524609375,3.5685546875,,,,,,,,True,unavailable,
run,run07-all,all,registration,highwater2048_live16,late_duplicate,stress,8,1,0.0023559570312499997,0.0023681640625,,,,,,,,True,unavailable,
run,run07-all,all,registration,highwater2048_live16,unregistered,stress,8,1,0.0021240234375,0.0021484375,,,,,,,,True,unavailable,
run,run07-all,all,registration,live16,late_duplicate,representative,8,1,0.00230712890625,0.0023193359375,,,,,,,,True,unavailable,
run,run07-all,all,registration,live16,unregistered,representative,8,1,0.002099609375,0.002099609375,,,,,,,,True,unavailable,
run,run07-all,all,registration,live32,late_duplicate,representative,8,1,0.00220947265625,0.0023193359375,,,,,,,,True,unavailable,
run,run07-all,all,registration,live32,unregistered,representative,8,1,0.0020751953125,0.002099609375,,,,,,,,True,unavailable,
run,run07-all,all,registration,live512,late_duplicate,stress,8,1,0.00230712890625,0.0023193359375,,,,,,,,True,unavailable,
run,run07-all,all,registration,live512,unregistered,stress,8,1,0.002099609375,0.002115478515625,,,,,,,,True,unavailable,
run,run08-mass,mass,physics,box,adopt_colliders,representative,64,1,2.7,3.1,,,,,,,,False,unavailable,
run,run08-mass,mass,physics,box,box_mass_divide,representative,8,1,3.798486328125,3.9409033203124997,,,,,,,,True,unavailable,
run,run08-mass,mass,physics,box,prepare_colliders,representative,64,1,4.8,5.969999999999999,,,,,,,,False,unavailable,
run,run08-mass,mass,physics,box,provisional_build,representative,64,1,37.0,47.414999999999964,,,,,,,,True,unavailable,
run,run08-mass,mass,physics,box,shape_pair_create_dispose,representative,8,1,1.73828125,1.8473828124999998,,,,,,,,False,unavailable,
run,run08-mass,mass,physics,character,adopt_colliders,representative,64,1,10.6,11.385,,,,,,,,False,unavailable,
run,run08-mass,mass,physics,character,box_mass_divide,representative,8,1,4.33037109375,4.4233740234375,,,,,,,,True,unavailable,
run,run08-mass,mass,physics,character,prepare_colliders,representative,64,1,20.1,22.1,,,,,,,,False,unavailable,
run,run08-mass,mass,physics,character,provisional_build,representative,64,1,73.75,88.63499999999995,,,,,,,,True,unavailable,
run,run08-mass,mass,physics,character,shape_pair_create_dispose,representative,8,1,6.10703125,6.7003515625,,,,,,,,False,unavailable,
run,run08-mass,mass,registration,highwater2048_live16,late_duplicate,stress,8,1,2.010546875,2.1073596191406248,,,,,,,,False,unavailable,
run,run08-mass,mass,registration,highwater2048_live16,unregistered,stress,8,1,2.09228515625,2.20396240234375,,,,,,,,False,unavailable,
run,run08-mass,mass,registration,live16,late_duplicate,representative,8,1,0.02200927734375,0.0220703125,,,,,,,,False,unavailable,
run,run08-mass,mass,registration,live16,unregistered,representative,8,1,0.02218017578125,0.0301025390625,,,,,,,,False,unavailable,
run,run08-mass,mass,registration,live32,late_duplicate,representative,8,1,0.05174560546875,0.0521728515625,,,,,,,,False,unavailable,
run,run08-mass,mass,registration,live32,unregistered,representative,8,1,0.051806640625,0.053542480468749994,,,,,,,,False,unavailable,
run,run08-mass,mass,registration,live512,late_duplicate,stress,8,1,0.744873046875,0.775406494140625,,,,,,,,False,unavailable,
run,run08-mass,mass,registration,live512,unregistered,stress,8,1,0.7377685546874999,0.77313232421875,,,,,,,,False,unavailable,
run,run09-colliders,colliders,physics,box,adopt_colliders,representative,64,1,2.7,2.8,,,,,,,,True,unavailable,
run,run09-colliders,colliders,physics,box,box_mass_divide,representative,8,1,3.9334472656250004,4.1172460937499995,,,,,,,,False,unavailable,
run,run09-colliders,colliders,physics,box,prepare_colliders,representative,64,1,4.5,5.584999999999999,,,,,,,,True,unavailable,
run,run09-colliders,colliders,physics,box,provisional_build,representative,64,1,35.650000000000006,39.455,,,,,,,,False,unavailable,
run,run09-colliders,colliders,physics,box,shape_pair_create_dispose,representative,8,1,1.7861328125,1.82564453125,,,,,,,,False,unavailable,
run,run09-colliders,colliders,physics,character,adopt_colliders,representative,64,1,10.4,10.885,,,,,,,,True,unavailable,
run,run09-colliders,colliders,physics,character,box_mass_divide,representative,8,1,4.073046875,4.1388916015624995,,,,,,,,False,unavailable,
run,run09-colliders,colliders,physics,character,prepare_colliders,representative,64,1,19.15,21.094999999999995,,,,,,,,True,unavailable,
run,run09-colliders,colliders,physics,character,provisional_build,representative,64,1,74.25,92.17,,,,,,,,False,unavailable,
run,run09-colliders,colliders,physics,character,shape_pair_create_dispose,representative,8,1,5.7611328125,5.87296875,,,,,,,,False,unavailable,
run,run09-colliders,colliders,registration,highwater2048_live16,late_duplicate,stress,8,1,1.9876220703125,2.0910021972656248,,,,,,,,False,unavailable,
run,run09-colliders,colliders,registration,highwater2048_live16,unregistered,stress,8,1,1.8824340820312502,2.000179443359375,,,,,,,,False,unavailable,
run,run09-colliders,colliders,registration,live16,late_duplicate,representative,8,1,0.02039794921875,0.021535644531250002,,,,,,,,False,unavailable,
run,run09-colliders,colliders,registration,live16,unregistered,representative,8,1,0.0212158203125,0.028548583984375,,,,,,,,False,unavailable,
run,run09-colliders,colliders,registration,live32,late_duplicate,representative,8,1,0.0486572265625,0.05730468749999999,,,,,,,,False,unavailable,
run,run09-colliders,colliders,registration,live32,unregistered,representative,8,1,0.04775390625,0.048150634765625,,,,,,,,False,unavailable,
run,run09-colliders,colliders,registration,live512,late_duplicate,stress,8,1,0.6613037109375,0.680521240234375,,,,,,,,False,unavailable,
run,run09-colliders,colliders,registration,live512,unregistered,stress,8,1,0.6517578125000001,0.67029296875,,,,,,,,False,unavailable,
run,run10-view,view,physics,box,adopt_colliders,representative,64,1,2.9,3.0849999999999995,,,,,,,,False,unavailable,
run,run10-view,view,physics,box,box_mass_divide,representative,8,1,4.291259765625,4.838994140625,,,,,,,,False,unavailable,
run,run10-view,view,physics,box,prepare_colliders,representative,64,1,4.9,5.8,,,,,,,,False,unavailable,
run,run10-view,view,physics,box,provisional_build,representative,64,1,38.3,41.48,,,,,,,,True,unavailable,
run,run10-view,view,physics,box,shape_pair_create_dispose,representative,8,1,1.2681640625,1.3342578125,,,,,,,,True,unavailable,
run,run10-view,view,physics,character,adopt_colliders,representative,64,1,13.2,13.785,,,,,,,,False,unavailable,
run,run10-view,view,physics,character,box_mass_divide,representative,8,1,4.8619140625,5.614013671875,,,,,,,,False,unavailable,
run,run10-view,view,physics,character,prepare_colliders,representative,64,1,23.55,25.824999999999996,,,,,,,,False,unavailable,
run,run10-view,view,physics,character,provisional_build,representative,64,1,87.25,94.36499999999998,,,,,,,,True,unavailable,
run,run10-view,view,physics,character,shape_pair_create_dispose,representative,8,1,4.390234375,6.67263671875,,,,,,,,True,unavailable,
run,run10-view,view,registration,highwater2048_live16,late_duplicate,stress,8,1,2.2329467773437504,2.5332666015624996,,,,,,,,False,unavailable,
run,run10-view,view,registration,highwater2048_live16,unregistered,stress,8,1,2.380615234375,2.422105712890625,,,,,,,,False,unavailable,
run,run10-view,view,registration,live16,late_duplicate,representative,8,1,0.0257080078125,0.025723876953125002,,,,,,,,False,unavailable,
run,run10-view,view,registration,live16,unregistered,representative,8,1,0.02587890625,0.02591064453125,,,,,,,,False,unavailable,
run,run10-view,view,registration,live32,late_duplicate,representative,8,1,0.06087646484375,0.063118896484375,,,,,,,,False,unavailable,
run,run10-view,view,registration,live32,unregistered,representative,8,1,0.060791015625,0.061177978515625,,,,,,,,False,unavailable,
run,run10-view,view,registration,live512,late_duplicate,stress,8,1,0.8610595703124999,0.9940942382812499,,,,,,,,False,unavailable,
run,run10-view,view,registration,live512,unregistered,stress,8,1,0.85115966796875,0.9322570800781249,,,,,,,,False,unavailable,
run,run11-o1,o1,physics,box,adopt_colliders,representative,64,1,3.1,3.3849999999999993,,,,,,,,False,unavailable,
run,run11-o1,o1,physics,box,box_mass_divide,representative,8,1,4.616650390625001,4.9581542968750005,,,,,,,,False,unavailable,
run,run11-o1,o1,physics,box,prepare_colliders,representative,64,1,5.3,6.484999999999999,,,,,,,,False,unavailable,
run,run11-o1,o1,physics,box,provisional_build,representative,64,1,41.3,45.224999999999994,,,,,,,,False,unavailable,
run,run11-o1,o1,physics,box,shape_pair_create_dispose,representative,8,1,2.4802734375,2.58458984375,,,,,,,,False,unavailable,
run,run11-o1,o1,physics,character,adopt_colliders,representative,64,1,11.25,12.054999999999998,,,,,,,,False,unavailable,
run,run11-o1,o1,physics,character,box_mass_divide,representative,8,1,4.746484375,7.1320849609375,,,,,,,,False,unavailable,
run,run11-o1,o1,physics,character,prepare_colliders,representative,64,1,20.1,27.149999999999984,,,,,,,,False,unavailable,
run,run11-o1,o1,physics,character,provisional_build,representative,64,1,76.95,98.10999999999999,,,,,,,,False,unavailable,
run,run11-o1,o1,physics,character,shape_pair_create_dispose,representative,8,1,5.551171875,5.65947265625,,,,,,,,False,unavailable,
run,run11-o1,o1,registration,highwater2048_live16,late_duplicate,stress,8,1,0.002099609375,0.002115478515625,,,,,,,,True,unavailable,
run,run11-o1,o1,registration,highwater2048_live16,unregistered,stress,8,1,0.001904296875,0.001904296875,,,,,,,,True,unavailable,
run,run11-o1,o1,registration,live16,late_duplicate,representative,8,1,0.00206298828125,0.0020751953125,,,,,,,,True,unavailable,
run,run11-o1,o1,registration,live16,unregistered,representative,8,1,0.00185546875,0.001895751953125,,,,,,,,True,unavailable,
run,run11-o1,o1,registration,live32,late_duplicate,representative,8,1,0.00205078125,0.002066650390625,,,,,,,,True,unavailable,
run,run11-o1,o1,registration,live32,unregistered,representative,8,1,0.00184326171875,0.00185546875,,,,,,,,True,unavailable,
run,run11-o1,o1,registration,live512,late_duplicate,stress,8,1,0.00206298828125,0.0020751953125,,,,,,,,True,unavailable,
run,run11-o1,o1,registration,live512,unregistered,stress,8,1,0.00185546875,0.001871337890625,,,,,,,,True,unavailable,
run,run12-baseline,baseline,physics,box,adopt_colliders,representative,64,1,3.2,3.7,,,,,,,,True,unavailable,
run,run12-baseline,baseline,physics,box,box_mass_divide,representative,8,1,4.419140625,4.5112060546875,,,,,,,,True,unavailable,
run,run12-baseline,baseline,physics,box,prepare_colliders,representative,64,1,5.5,7.054999999999998,,,,,,,,True,unavailable,
run,run12-baseline,baseline,physics,box,provisional_build,representative,64,1,44.150000000000006,51.74499999999999,,,,,,,,True,unavailable,
run,run12-baseline,baseline,physics,box,shape_pair_create_dispose,representative,8,1,2.0896484375,2.2163671875,,,,,,,,True,unavailable,
run,run12-baseline,baseline,physics,character,adopt_colliders,representative,64,1,15.4,16.085,,,,,,,,True,unavailable,
run,run12-baseline,baseline,physics,character,box_mass_divide,representative,8,1,4.6189453125,4.7301708984375,,,,,,,,True,unavailable,
run,run12-baseline,baseline,physics,character,prepare_colliders,representative,64,1,28.0,30.579999999999995,,,,,,,,True,unavailable,
run,run12-baseline,baseline,physics,character,provisional_build,representative,64,1,106.9,112.535,,,,,,,,True,unavailable,
run,run12-baseline,baseline,physics,character,shape_pair_create_dispose,representative,8,1,6.471484375,7.2945312499999995,,,,,,,,True,unavailable,
run,run12-baseline,baseline,registration,highwater2048_live16,late_duplicate,stress,8,1,2.04498291015625,2.1183459472656248,,,,,,,,True,unavailable,
run,run12-baseline,baseline,registration,highwater2048_live16,unregistered,stress,8,1,2.07762451171875,2.1078076171875,,,,,,,,True,unavailable,
run,run12-baseline,baseline,registration,live16,late_duplicate,representative,8,1,0.030859375,0.030875244140625,,,,,,,,True,unavailable,
run,run12-baseline,baseline,registration,live16,unregistered,representative,8,1,0.06043701171875,0.062742919921875,,,,,,,,True,unavailable,
run,run12-baseline,baseline,registration,live32,late_duplicate,representative,8,1,0.07742919921875,0.079349365234375,,,,,,,,True,unavailable,
run,run12-baseline,baseline,registration,live32,unregistered,representative,8,1,0.06851806640625,0.07361328125,,,,,,,,True,unavailable,
run,run12-baseline,baseline,registration,live512,late_duplicate,stress,8,1,0.8090576171874999,0.8568115234375,,,,,,,,True,unavailable,
run,run12-baseline,baseline,registration,live512,unregistered,stress,8,1,0.93897705078125,0.9664453125,,,,,,,,True,unavailable,
variant,,all,physics,box,adopt_colliders,representative,128,2,2.65,,2.5,2.8,0.2999999999999998,11.320754716981126,2.95,-0.30000000000000027,-10.169491525423737,True,unavailable,
variant,,all,physics,box,box_mass_divide,representative,16,2,3.9563232421874996,,3.722998046875,4.1896484375,0.4666503906249999,11.79505217493258,4.140185546875,-0.18386230468750053,-4.440919437204434,True,unavailable,
variant,,all,physics,box,prepare_colliders,representative,128,2,4.5,,4.3,4.7,0.40000000000000036,8.888888888888896,4.9,-0.40000000000000036,-8.163265306122454,True,unavailable,
variant,,all,physics,box,provisional_build,representative,128,2,35.275,,34.0,36.55,2.549999999999997,7.2289156626505955,40.050000000000004,-4.775000000000006,-11.922596754057441,True,unavailable,
variant,,all,physics,box,shape_pair_create_dispose,representative,16,2,1.9554687499999999,,1.4498046875,2.4611328125,1.011328125,51.7179384738314,1.92158203125,0.03388671874999982,1.7634802053158416,True,unavailable,
variant,,all,physics,character,adopt_colliders,representative,128,2,10.55,,10.3,10.8,0.5,4.739336492890995,12.9,-2.3499999999999996,-18.21705426356589,True,unavailable,
variant,,all,physics,character,box_mass_divide,representative,16,2,4.1068603515625,,3.9603027343750004,4.25341796875,0.29311523437499964,7.137209675597582,4.230078125,-0.12321777343750018,-2.912895927601814,True,unavailable,
variant,,all,physics,character,prepare_colliders,representative,128,2,18.975,,18.85,19.1,0.25,1.3175230566534915,23.2,-4.224999999999998,-18.211206896551715,True,unavailable,
variant,,all,physics,character,provisional_build,representative,128,2,70.72500000000001,,69.30000000000001,72.15,2.8499999999999943,4.029692470837743,90.2,-19.474999999999994,-21.590909090909083,True,unavailable,
variant,,all,physics,character,shape_pair_create_dispose,representative,16,2,3.32607421875,,3.1275390625000004,3.524609375,0.39707031249999947,11.93810740186146,5.9603515625,-2.6342773437499996,-44.19667726185404,True,unavailable,
variant,,all,registration,highwater2048_live16,late_duplicate,stress,16,2,0.002130126953125,,0.001904296875,0.0023559570312499997,0.0004516601562499997,21.203438395415457,2.063800048828125,-2.061669921875,-99.89678617585388,True,unavailable,
variant,,all,registration,highwater2048_live16,unregistered,stress,16,2,0.00201416015625,,0.001904296875,0.0021240234375,0.00021972656249999987,10.909090909090903,2.009381103515625,-2.007366943359375,-99.89976216295027,True,unavailable,
variant,,all,registration,live16,late_duplicate,representative,16,2,0.002105712890625,,0.001904296875,0.00230712890625,0.00040283203124999987,19.130434782608692,0.025830078125,-0.023724365234375,-91.84782608695652,True,unavailable,
variant,,all,registration,live16,unregistered,representative,16,2,0.00191650390625,,0.0017333984375,0.002099609375,0.0003662109375,19.10828025477707,0.04066162109375,-0.038745117187500004,-95.28670069048334,True,unavailable,
variant,,all,registration,live32,late_duplicate,representative,16,2,0.002056884765625,,0.001904296875,0.00220947265625,0.0003051757812500002,14.83679525222553,0.0610595703125,-0.059002685546874996,-96.6313474610156,True,unavailable,
variant,,all,registration,live32,unregistered,representative,16,2,0.00198974609375,,0.001904296875,0.0020751953125,0.00017089843750000004,8.588957055214726,0.058874511718749994,-0.05688476562499999,-96.62036077130416,True,unavailable,
variant,,all,registration,live512,late_duplicate,stress,16,2,0.002105712890625,,0.001904296875,0.00230712890625,0.00040283203124999987,19.130434782608692,0.7522094726562499,-0.7501037597656249,-99.72006296554746,True,unavailable,
variant,,all,registration,live512,unregistered,stress,16,2,0.001995849609375,,0.00189208984375,0.002099609375,0.0002075195312499999,10.397553516819565,0.81461181640625,-0.812615966796875,-99.75499378118772,True,unavailable,
variant,,baseline,physics,box,adopt_colliders,representative,128,2,2.95,,2.7,3.2,0.5,16.94915254237288,2.95,0.0,0.0,True,unavailable,
variant,,baseline,physics,box,box_mass_divide,representative,16,2,4.140185546875,,3.86123046875,4.419140625,0.5579101562499997,13.475486785154079,4.140185546875,0.0,0.0,True,unavailable,
variant,,baseline,physics,box,prepare_colliders,representative,128,2,4.9,,4.3,5.5,1.2000000000000002,24.48979591836735,4.9,0.0,0.0,True,unavailable,
variant,,baseline,physics,box,provisional_build,representative,128,2,40.050000000000004,,35.95,44.150000000000006,8.200000000000003,20.474406991260928,40.050000000000004,0.0,0.0,True,unavailable,
variant,,baseline,physics,box,shape_pair_create_dispose,representative,16,2,1.92158203125,,1.753515625,2.0896484375,0.33613281250000027,17.492503938608543,1.92158203125,0.0,0.0,True,unavailable,
variant,,baseline,physics,character,adopt_colliders,representative,128,2,12.9,,10.4,15.4,5.0,38.75968992248062,12.9,0.0,0.0,True,unavailable,
variant,,baseline,physics,character,box_mass_divide,representative,16,2,4.230078125,,3.8412109375,4.6189453125,0.7777343750000001,18.385815864807462,4.230078125,0.0,0.0,True,unavailable,
variant,,baseline,physics,character,prepare_colliders,representative,128,2,23.2,,18.4,28.0,9.600000000000001,41.379310344827594,23.2,0.0,0.0,True,unavailable,
variant,,baseline,physics,character,provisional_build,representative,128,2,90.2,,73.5,106.9,33.400000000000006,37.02882483370289,90.2,0.0,0.0,True,unavailable,
variant,,baseline,physics,character,shape_pair_create_dispose,representative,16,2,5.9603515625,,5.44921875,6.471484375,1.0222656250000002,17.15109611036472,5.9603515625,0.0,0.0,True,unavailable,
variant,,baseline,registration,highwater2048_live16,late_duplicate,stress,16,2,2.063800048828125,,2.04498291015625,2.0826171875000004,0.037634277343750355,1.8235428071202924,2.063800048828125,0.0,0.0,True,unavailable,
variant,,baseline,registration,highwater2048_live16,unregistered,stress,16,2,2.009381103515625,,1.9411376953125,2.07762451171875,0.13648681640625027,6.792480339715157,2.009381103515625,0.0,0.0,True,unavailable,
variant,,baseline,registration,live16,late_duplicate,representative,16,2,0.025830078125,,0.020800781249999997,0.030859375,0.010058593750000004,38.941398865784514,0.025830078125,0.0,0.0,True,unavailable,
variant,,baseline,registration,live16,unregistered,representative,16,2,0.04066162109375,,0.02088623046875,0.06043701171875,0.03955078125,97.26808766136294,0.04066162109375,0.0,0.0,True,unavailable,
variant,,baseline,registration,live32,late_duplicate,representative,16,2,0.0610595703125,,0.04468994140625,0.07742919921875,0.03273925781249999,53.618552578968405,0.0610595703125,0.0,0.0,True,unavailable,
variant,,baseline,registration,live32,unregistered,representative,16,2,0.058874511718749994,,0.049230957031249994,0.06851806640625,0.019287109375,32.759693137051634,0.058874511718749994,0.0,0.0,True,unavailable,
variant,,baseline,registration,live512,late_duplicate,stress,16,2,0.7522094726562499,,0.695361328125,0.8090576171874999,0.11369628906249996,15.114977037049055,0.7522094726562499,0.0,0.0,True,unavailable,
variant,,baseline,registration,live512,unregistered,stress,16,2,0.81461181640625,,0.69024658203125,0.93897705078125,0.24873046875000004,30.5336190490462,0.81461181640625,0.0,0.0,True,unavailable,
variant,,colliders,physics,box,adopt_colliders,representative,128,2,2.6500000000000004,,2.6,2.7,0.10000000000000009,3.77358490566038,2.95,-0.2999999999999998,-10.169491525423723,True,unavailable,
variant,,colliders,physics,box,box_mass_divide,representative,16,2,3.8380859375000003,,3.742724609375,3.9334472656250004,0.19072265625000018,4.969212762709281,4.140185546875,,,False,unavailable,
variant,,colliders,physics,box,prepare_colliders,representative,128,2,4.4,,4.3,4.5,0.20000000000000018,4.545454545454549,4.9,-0.5,-10.20408163265306,True,unavailable,
variant,,colliders,physics,box,provisional_build,representative,128,2,35.275000000000006,,34.9,35.650000000000006,0.7500000000000071,2.1261516654854913,40.050000000000004,,,False,unavailable,
variant,,colliders,physics,box,shape_pair_create_dispose,representative,16,2,1.73828125,,1.6904296875,1.7861328125,0.095703125,5.50561797752809,1.92158203125,,,False,unavailable,
variant,,colliders,physics,character,adopt_colliders,representative,128,2,10.4,,10.4,10.4,0.0,0.0,12.9,-2.5,-19.37984496124031,True,unavailable,
variant,,colliders,physics,character,box_mass_divide,representative,16,2,3.9143798828125,,3.755712890625,4.073046875,0.31733398437500027,8.106877561076017,4.230078125,,,False,unavailable,
variant,,colliders,physics,character,prepare_colliders,representative,128,2,18.924999999999997,,18.7,19.15,0.4499999999999993,2.377807133421397,23.2,-4.275000000000002,-18.426724137931043,True,unavailable,
variant,,colliders,physics,character,provisional_build,representative,128,2,73.625,,73.0,74.25,1.25,1.697792869269949,90.2,,,False,unavailable,
variant,,colliders,physics,character,shape_pair_create_dispose,representative,16,2,5.5015624999999995,,5.241992187499999,5.7611328125,0.5191406250000004,9.436239704629374,5.9603515625,,,False,unavailable,
variant,,colliders,registration,highwater2048_live16,late_duplicate,stress,16,2,2.10213623046875,,1.9876220703125,2.216650390625,0.22902832031249987,10.895027495978669,2.063800048828125,,,False,unavailable,
variant,,colliders,registration,highwater2048_live16,unregistered,stress,16,2,1.8769592285156251,,1.871484375,1.8824340820312502,0.010949707031250089,0.5833747939165177,2.009381103515625,,,False,unavailable,
variant,,colliders,registration,live16,late_duplicate,representative,16,2,0.020391845703125,,0.0203857421875,0.02039794921875,1.2207031249999306e-05,0.05986231667165178,0.025830078125,,,False,unavailable,
variant,,colliders,registration,live16,unregistered,representative,16,2,0.020697021484375,,0.02017822265625,0.0212158203125,0.00103759765625,5.013270421704512,0.04066162109375,,,False,unavailable,
variant,,colliders,registration,live32,late_duplicate,representative,16,2,0.04847412109375,,0.048291015625,0.0486572265625,0.0003662109375,0.7554772097708385,0.0610595703125,,,False,unavailable,
variant,,colliders,registration,live32,unregistered,representative,16,2,0.047979736328124994,,0.04775390625,0.04820556640625,0.0004516601562499986,0.941356061569772,0.058874511718749994,,,False,unavailable,
variant,,colliders,registration,live512,late_duplicate,stress,16,2,0.655718994140625,,0.65013427734375,0.6613037109375,0.01116943359375,1.703387227388233,0.7522094726562499,,,False,unavailable,
variant,,colliders,registration,live512,unregistered,stress,16,2,0.6490478515625,,0.646337890625,0.6517578125000001,0.005419921875000067,0.8350573631747328,0.81461181640625,,,False,unavailable,
variant,,mass,physics,box,adopt_colliders,representative,128,2,2.9000000000000004,,2.7,3.1,0.3999999999999999,13.793103448275856,2.95,,,False,unavailable,
variant,,mass,physics,box,box_mass_divide,representative,16,2,3.9223876953124996,,3.798486328125,4.0462890625,0.24780273437499956,6.317650207579925,4.140185546875,-0.21779785156250053,-5.260581901381055,True,unavailable,
variant,,mass,physics,box,prepare_colliders,representative,128,2,5.175,,4.8,5.55,0.75,14.492753623188406,4.9,,,False,unavailable,
variant,,mass,physics,box,provisional_build,representative,128,2,39.85,,37.0,42.7,5.700000000000003,14.30363864491845,40.050000000000004,-0.20000000000000284,-0.4993757802746637,True,unavailable,
variant,,mass,physics,box,shape_pair_create_dispose,representative,16,2,1.8728515625000002,,1.73828125,2.0074218750000004,0.26914062500000036,14.370633016998664,1.92158203125,,,False,unavailable,
variant,,mass,physics,character,adopt_colliders,representative,128,2,11.0,,10.6,11.4,0.8000000000000007,7.27272727272728,12.9,,,False,unavailable,
variant,,mass,physics,character,box_mass_divide,representative,16,2,4.413232421875,,4.33037109375,4.49609375,0.16572265624999982,3.7551309427657817,4.230078125,0.1831542968749993,4.329808846615553,True,unavailable,
variant,,mass,physics,character,prepare_colliders,representative,128,2,20.35,,20.1,20.6,0.5,2.457002457002457,23.2,,,False,unavailable,
variant,,mass,physics,character,provisional_build,representative,128,2,76.2,,73.75,78.65,4.900000000000006,6.43044619422573,90.2,-14.0,-15.521064301552107,True,unavailable,
variant,,mass,physics,character,shape_pair_create_dispose,representative,16,2,6.16904296875,,6.10703125,6.2310546875,0.1240234375,2.010416171977648,5.9603515625,,,False,unavailable,
variant,,mass,registration,highwater2048_live16,late_duplicate,stress,16,2,1.968701171875,,1.92685546875,2.010546875,0.08369140625000027,4.2510974974577875,2.063800048828125,,,False,unavailable,
variant,,mass,registration,highwater2048_live16,unregistered,stress,16,2,2.009698486328125,,1.92711181640625,2.09228515625,0.16517333984375004,8.21881197440391,2.009381103515625,,,False,unavailable,
variant,,mass,registration,live16,late_duplicate,representative,16,2,0.023553466796875002,,0.02200927734375,0.025097656250000003,0.0030883789062500014,13.112205234516718,0.025830078125,,,False,unavailable,
variant,,mass,registration,live16,unregistered,representative,16,2,0.023736572265625,,0.02218017578125,0.02529296875,0.00311279296875,13.113911031113398,0.04066162109375,,,False,unavailable,
variant,,mass,registration,live32,late_duplicate,representative,16,2,0.056085205078125,,0.05174560546875,0.0604248046875,0.008679199218750003,15.475024485798242,0.0610595703125,,,False,unavailable,
variant,,mass,registration,live32,unregistered,representative,16,2,0.055572509765625,,0.051806640625,0.05933837890625,0.0075317382812500056,13.552992861065357,0.058874511718749994,,,False,unavailable,
variant,,mass,registration,live512,late_duplicate,stress,16,2,0.7582763671875,,0.744873046875,0.7716796875,0.026806640625000044,3.5352071863228107,0.7522094726562499,,,False,unavailable,
variant,,mass,registration,live512,unregistered,stress,16,2,0.772088623046875,,0.7377685546874999,0.80640869140625,0.06864013671875013,8.890188855247885,0.81461181640625,,,False,unavailable,
variant,,o1,physics,box,adopt_colliders,representative,128,2,2.85,,2.6,3.1,0.5,17.543859649122805,2.95,,,False,unavailable,
variant,,o1,physics,box,box_mass_divide,representative,16,2,4.206298828125,,3.795947265625,4.616650390625001,0.8207031250000005,19.511289105577816,4.140185546875,,,False,unavailable,
variant,,o1,physics,box,prepare_colliders,representative,128,2,4.8,,4.3,5.3,1.0,20.833333333333336,4.9,,,False,unavailable,
variant,,o1,physics,box,provisional_build,representative,128,2,38.175,,35.05,41.3,6.25,16.371971185330715,40.050000000000004,,,False,unavailable,
variant,,o1,physics,box,shape_pair_create_dispose,representative,16,2,2.1548828125000004,,1.8294921875,2.4802734375,0.6507812500000001,30.20030816640986,1.92158203125,,,False,unavailable,
variant,,o1,physics,character,adopt_colliders,representative,128,2,10.925,,10.6,11.25,0.6500000000000004,5.949656750572085,12.9,,,False,unavailable,
variant,,o1,physics,character,box_mass_divide,representative,16,2,4.2365234375,,3.7265625,4.746484375,1.0199218749999996,24.074500945092428,4.230078125,,,False,unavailable,
variant,,o1,physics,character,prepare_colliders,representative,128,2,19.625,,19.15,20.1,0.9500000000000028,4.840764331210205,23.2,,,False,unavailable,
variant,,o1,physics,character,provisional_build,representative,128,2,75.2,,73.45,76.95,3.5,4.654255319148936,90.2,,,False,unavailable,
variant,,o1,physics,character,shape_pair_create_dispose,representative,16,2,5.521484375,,5.491796875,5.551171875,0.05937499999999929,1.0753448885744477,5.9603515625,,,False,unavailable,
variant,,o1,registration,highwater2048_live16,late_duplicate,stress,16,2,0.002001953125,,0.001904296875,0.002099609375,0.00019531249999999996,9.75609756097561,2.063800048828125,-2.061798095703125,-99.90299674979963,True,unavailable,
variant,,o1,registration,highwater2048_live16,unregistered,stress,16,2,0.001806640625,,0.001708984375,0.001904296875,0.00019531249999999996,10.810810810810807,2.009381103515625,-2.007574462890625,-99.91008969767661,True,unavailable,
variant,,o1,registration,live16,late_duplicate,representative,16,2,0.001983642578125,,0.001904296875,0.00206298828125,0.00015869140624999987,7.999999999999993,0.025830078125,-0.023846435546875,-92.32041587901702,True,unavailable,
variant,,o1,registration,live16,unregistered,representative,16,2,0.0017822265625,,0.001708984375,0.00185546875,0.0001464843749999999,8.219178082191776,0.04066162109375,-0.03887939453125,-95.6169318522966,True,unavailable,
variant,,o1,registration,live32,late_duplicate,representative,16,2,0.0019775390625,,0.001904296875,0.00205078125,0.00014648437500000013,7.407407407407414,0.0610595703125,-0.05908203125,-96.76129548180728,True,unavailable,
variant,,o1,registration,live32,unregistered,representative,16,2,0.001776123046875,,0.001708984375,0.00184326171875,0.00013427734374999996,7.560137457044671,0.058874511718749994,-0.05709838867187499,-96.9832054737715,True,unavailable,
variant,,o1,registration,live512,late_duplicate,stress,16,2,0.001983642578125,,0.001904296875,0.00206298828125,0.00015869140624999987,7.999999999999993,0.7522094726562499,-0.7502258300781249,-99.73629119942876,True,unavailable,
variant,,o1,registration,live512,unregistered,stress,16,2,0.0017822265625,,0.001708984375,0.00185546875,0.0001464843749999999,8.219178082191776,0.81461181640625,-0.81282958984375,-99.78121768840003,True,unavailable,
variant,,view,physics,box,adopt_colliders,representative,128,2,2.8,,2.7,2.9,0.19999999999999973,7.142857142857134,2.95,,,False,unavailable,
variant,,view,physics,box,box_mass_divide,representative,16,2,4.0966552734375,,3.90205078125,4.291259765625,0.3892089843750002,9.500652566463451,4.140185546875,,,False,unavailable,
variant,,view,physics,box,prepare_colliders,representative,128,2,4.65,,4.4,4.9,0.5,10.75268817204301,4.9,,,False,unavailable,
variant,,view,physics,box,provisional_build,representative,128,2,36.525,,34.75,38.3,3.549999999999997,9.719370294318953,40.050000000000004,-3.5250000000000057,-8.801498127340837,True,unavailable,
variant,,view,physics,box,shape_pair_create_dispose,representative,16,2,1.22607421875,,1.183984375,1.2681640625,0.08417968749999982,6.865790521704486,1.92158203125,-0.6955078125,-36.1945418508919,True,unavailable,
variant,,view,physics,character,adopt_colliders,representative,128,2,11.85,,10.5,13.2,2.6999999999999993,22.784810126582272,12.9,,,False,unavailable,
variant,,view,physics,character,box_mass_divide,representative,16,2,4.388012695312501,,3.914111328125,4.8619140625,0.9478027343750002,21.599817507079948,4.230078125,,,False,unavailable,
variant,,view,physics,character,prepare_colliders,representative,128,2,21.225,,18.9,23.55,4.650000000000002,21.908127208480575,23.2,,,False,unavailable,
variant,,view,physics,character,provisional_build,representative,128,2,78.275,,69.3,87.25,17.950000000000003,22.931970616416482,90.2,-11.924999999999997,-13.220620842572059,True,unavailable,
variant,,view,physics,character,shape_pair_create_dispose,representative,16,2,3.7662109375000004,,3.1421875000000004,4.390234375,1.248046875,33.13799719960587,5.9603515625,-2.1941406249999993,-36.81226857161581,True,unavailable,
variant,,view,registration,highwater2048_live16,late_duplicate,stress,16,2,2.083642578125,,1.9343383789062498,2.2329467773437504,0.29860839843750053,14.331075855927661,2.063800048828125,,,False,unavailable,
variant,,view,registration,highwater2048_live16,unregistered,stress,16,2,2.203704833984375,,2.02679443359375,2.380615234375,0.35382080078125,16.055725581975043,2.009381103515625,,,False,unavailable,
variant,,view,registration,live16,late_duplicate,representative,16,2,0.02308349609375,,0.020458984375,0.0257080078125,0.0052490234375,22.739291380222106,0.025830078125,,,False,unavailable,
variant,,view,registration,live16,unregistered,representative,16,2,0.02318115234375,,0.0204833984375,0.02587890625,0.005395507812499999,23.275408109531327,0.04066162109375,,,False,unavailable,
variant,,view,registration,live32,late_duplicate,representative,16,2,0.054498291015625,,0.0481201171875,0.06087646484375,0.01275634765625,23.406876469929443,0.0610595703125,,,False,unavailable,
variant,,view,registration,live32,unregistered,representative,16,2,0.05447998046875,,0.0481689453125,0.060791015625,0.012622070312499997,23.168272462469186,0.058874511718749994,,,False,unavailable,
variant,,view,registration,live512,late_duplicate,stress,16,2,0.75802001953125,,0.65498046875,0.8610595703124999,0.20607910156249987,27.18649854260268,0.7522094726562499,,,False,unavailable,
variant,,view,registration,live512,unregistered,stress,16,2,0.7501953125,,0.64923095703125,0.85115966796875,0.20192871093749998,26.916818536839358,0.81461181640625,,,False,unavailable,
